Date,Open,High,Low,Last,Close,Total Trade Quantity,Turnover (Lacs)
2022-04-22,818,821.6,803.1,811.6,815.6,1880668,15288.05349
2022-04-21,812,822,804.25,818.95,820.05,1344250,10958.1757
2022-04-20,800,813.45,792.1,810.1,810.45,1522453,12244.14776
2022-04-19,825,836.85,784.85,788,791.35,2460482,20063.01436
2022-04-18,816.2,824.9,809,822.5,822.3,1480954,12102.6105
2022-04-13,812.1,823.5,811.05,816.2,817.6,1036739,8477.637911
2022-04-12,821.5,822.85,802.55,811.55,812.1,1193490,9679.323085
2022-04-11,817.7,824,809.5,821.8,821.5,1231236,10084.91383
2022-04-08,810.5,819.85,804,817.5,817.7,1406219,11442.22095
2022-04-07,809,818.3,802.05,805,804.9,1965237,15950.31653
2022-04-06,810.45,812.5,797.05,807.4,809.25,2004175,16156.84568
2022-04-05,791,810,788.2,804,806.65,2912280,23282.09049
2022-04-04,792,795,781.75,787,788.1,1565651,12329.37389
2022-04-01,779.95,792.5,779,788.25,789.8,3082307,24285.5738
2022-03-31,767.95,780,765.9,777.3,777.4,2892133,22435.96372
2022-03-30,750,782.75,749,765.5,765.85,8328100,64164.02253
2022-03-29,742,747.75,735.6,741,743.2,985708,7314.999079
2022-03-28,734,746.2,728.15,738.9,741.25,1833105,13514.80866
2022-03-25,740,740,708.6,734,733.35,2968621,21598.30065
2022-03-24,748,751.6,738.7,739.85,740.5,1179087,8773.529192
2022-03-23,759.5,760,745.1,748,748.8,1103251,8290.058552
2022-03-22,750,758,731.4,753,752.9,3047970,22659.84243
2022-03-21,772,773.85,745.3,748.5,747.8,1889226,14300.34788
2022-03-17,758,774.45,754.25,772,772.3,3099238,23818.04162
2022-03-16,754,755.55,740.6,747.7,747.85,1959778,14640.36115
2022-03-15,724,774,723.75,748.9,748.6,9386502,70905.03323
2022-03-14,720,724,709.65,720.5,722.25,1584725,11407.50206
2022-03-11,724.3,726.05,707.45,716,716.45,2305707,16443.3607
2022-03-10,705.55,727.5,705.55,721,724.2,2574455,18512.58259
2022-03-09,685,705.9,678.3,699.9,699.15,1920634,13392.17832
2022-03-08,659,687.75,658,685,683.7,2850859,19174.2322
2022-03-07,659,673.5,650.2,662,659.85,2137318,14148.31292
2022-03-04,688.4,688.4,657.5,669.75,669.95,2833168,18979.92926
2022-03-03,712.15,718.75,684.55,688.75,687.05,2112330,14776.47291
2022-03-02,711.95,718.6,701.55,710,711,1938441,13740.37846
2022-02-28,699.5,720.8,694.55,716,718.6,1935344,13768.0429
2022-02-25,690,713.35,685.6,708.95,709.5,1771881,12517.95078
2022-02-24,699,714.55,674.05,676.2,677.7,3091298,21424.2294
2022-02-23,715,731.2,714.1,721.6,723.25,1816654,13180.81848
2022-02-22,690,716.9,690,713.35,715.2,1861977,13191.00229
2022-02-21,710.5,721.35,704.5,712,713.2,1542807,11001.28641
2022-02-18,715.6,724.6,712.2,717.45,717.5,1686289,12098.20971
2022-02-17,701.5,726.15,701.5,720,720.35,3442092,24686.84695
2022-02-16,705.5,708.35,696.05,698.5,701,1217196,8549.464823
2022-02-15,693,706,689.15,701.7,702,2209622,15467.72306
2022-02-14,689,700.8,684.05,690.1,694.3,2069409,14353.7133
2022-02-11,695,703.1,690,702,701,2013324,14025.55409
2022-02-10,706.25,711,699,705.6,706.7,1770292,12512.47721
2022-02-09,706,709,696.55,701.45,700.2,2206837,15501.08799
2022-02-08,705.1,710,691.35,696.65,697.1,2410446,16834.50109
2022-02-07,729,736.75,702.05,705.4,704.8,1908753,13642.0291
2022-02-04,741,746.55,722.2,732.5,733.8,1931658,14152.38621
2022-02-03,750,769,733.35,734.95,738.1,8154082,61278.38053
2022-02-02,741.6,744.9,734.6,741.85,742.45,1771997,13119.75205
2022-02-01,732,739,717.05,737.9,736.1,2063749,15074.1898
2022-01-31,726,736.95,722.05,727,727.3,1682459,12261.13121
2022-01-28,706.5,729.9,706.5,718.5,717.9,2074152,14993.49045
2022-01-27,700,709.5,687.5,706.5,705.95,3118535,21887.6479
2022-01-25,690,709.95,675,708.2,707.75,2030546,14176.2918
2022-01-24,725,725,688.5,691.55,691.45,3114690,21768.77985
2022-01-21,721,742.95,712,724.65,726.55,4854277,35563.55179
2022-01-20,728.05,746.25,717.2,726.05,723.45,5297725,38671.98728
2022-01-19,734.95,738,714,719,717.65,2426249,17455.77388
2022-01-18,763.8,770,728.4,734.95,731.45,2674149,19947.84913
2022-01-17,768,771.35,759.25,764.1,765.1,1857366,14219.14511
2022-01-14,730.2,777,727,760.8,762.5,8733345,66515.40701
2022-01-13,737,739.45,723.6,731.3,730.2,1604671,11685.79416
2022-01-12,743,743.3,733.15,735.6,736.1,1817215,13373.89759
2022-01-11,736.45,743.6,730.75,737,738.65,1905347,14045.81526
2022-01-10,740.45,743,731,733.2,731.9,1592097,11714.73705
2022-01-07,725.45,744.65,725.05,738.15,736.1,2107056,15498.26804
2022-01-06,733,734.95,722.55,726.4,725.45,2077754,15103.9934
2022-01-05,740.25,743.5,726.5,733.5,733.6,2076552,15184.9597
2022-01-04,752,756.7,731.05,739,738.85,2352482,17353.22861
2022-01-03,747,749.4,740,749,748,925699,6908.163853
2021-12-31,730,745,729.05,743.6,743.45,865277,6395.441382
2021-12-30,729,737.85,725.3,729.1,728,2230935,16320.15642
2021-12-29,728,728.9,720,724.85,726.65,783940,5684.148212
2021-12-28,722.3,729.55,719.4,726,726.95,819253,5943.56564
2021-12-27,710,724.5,706.75,719.9,718.5,691930,4949.920082
2021-12-24,729,729,714,718,718.95,931510,6707.044818
2021-12-23,720,729.6,712.25,726,726.75,1095354,7888.976896
2021-12-22,706.2,717.55,703.8,713.65,714.95,1035751,7359.484761
2021-12-21,710.55,725.6,704.8,704.95,705.7,2695789,19158.14928
2021-12-20,717.45,719.55,696.6,709.45,709.55,2520192,17802.26296
2021-12-17,738,738.8,721.05,725,726.35,1693819,12315.0428
2021-12-16,747,750,735.3,742.5,740.25,1452909,10748.64414
2021-12-15,742,750.5,735.2,745.9,746.3,1676700,12475.47035
2021-12-14,753,753.95,732.4,740,739.5,2333787,17297.47917
2021-12-13,774,777.25,752,755.95,754.1,1944410,14815.03321
2021-12-10,781.65,781.95,765.35,769.5,769.65,1412794,10878.10794
2021-12-09,773,779.05,766.05,778.1,777.5,935828,7232.228858
2021-12-08,758.6,773.65,758.6,770.9,772.15,1002435,7674.101976
2021-12-07,758.35,765.5,744,761,760.7,1741795,13161.19772
2021-12-06,777,778,745.55,748.25,747.6,1654143,12537.1153
2021-12-03,767.5,781,767.1,774.8,774.3,1408239,10907.20181
2021-12-02,772.8,780.9,763.55,773.75,773.25,1766820,13614.19396
2021-12-01,789.9,790.85,767.45,774,772.8,1263844,9825.843679
2021-11-30,765,789.65,764.2,781,778.6,3529356,27492.09132
2021-11-29,766.75,774.9,749.25,766.5,766,1584564,12138.5552
2021-11-26,800.2,805,763.15,769.9,766.7,2616604,20331.73333
2021-11-25,799,810.5,795.6,809.65,807.8,1767252,14189.38814
2021-11-24,824,830,796,798,798.95,1634131,13237.77008
2021-11-23,802,823.85,802,821,820.95,1025086,8371.923201
2021-11-22,832.05,839.05,807.45,809,812.75,1951384,16094.1666
2021-11-18,837.2,843,822.3,827.55,832.05,1132067,9395.274311
2021-11-17,833.9,847.35,832.5,834.8,836.4,1439354,12081.92722
2021-11-16,855.9,858,830.05,832.85,833.4,1669041,14106.63331
2021-11-15,852.5,858,847.45,851,852.55,1190768,10162.74103
2021-11-12,842.25,852.85,840,847.5,847.9,1180441,10002.55306
2021-11-11,842.15,842.15,823.4,838.7,837.65,1411243,11743.71961
2021-11-10,837.05,846,830.75,840.25,842.4,1371873,11526.29785
2021-11-09,835.9,841.5,826,834.5,835.65,1481130,12359.37218
2021-11-08,830,838.2,817.05,835,836.35,891122,7395.116608
2021-11-04,834,834.6,826,828,827.4,175837,1457.255718
2021-11-03,833,839,820.05,825,826.9,1044563,8659.162258
2021-11-02,827.9,836,822.8,833,833.8,1251565,10408.19962
2021-11-01,821.5,830,806,826,824.9,1552830,12744.37455
2021-10-29,807,818.5,794.15,812,809.5,2220844,17959.84423
2021-10-28,818,822.55,805.95,808.1,809.7,1822874,14827.15121
2021-10-27,812,821.2,809.65,816.5,818.75,1930632,15762.32738
2021-10-26,786.1,811.9,786.1,810.6,808.9,1776800,14227.65142
2021-10-25,793,800.6,773.6,786.25,788.95,2954698,23218.51073
2021-10-22,818.65,821.8,790,792.4,795.25,2948977,23760.06159
2021-10-21,837.15,838.75,808,817,814.8,2257911,18494.03426
2021-10-20,841,851.9,822.55,829,826.95,1535158,12819.723
2021-10-19,849,862,840.1,844,843.3,1915361,16315.27251
2021-10-18,863,863,842.05,846,843.95,1914236,16261.12867
2021-10-14,859.95,860,846,847,849.6,2352197,20054.7182
2021-10-13,820,854,818.05,851.75,848.15,7233280,60960.88154
2021-10-12,817.5,823,813.6,818,816.15,1246493,10189.60976
2021-10-11,821.4,826.5,813,818,816.25,1772719,14503.77536
2021-10-08,826.9,828.95,812.45,818,818.75,1747911,14332.59978
2021-10-07,828,830.7,821.35,825,824.55,1500439,12388.80449
2021-10-06,809.35,834,803,821.35,820.65,5215518,42897.85709
2021-10-05,815,819.2,799.7,803.25,801.45,3499870,28143.3758
2021-10-04,805.05,817.25,801.75,817.25,814.3,1709463,13862.29822
2021-10-01,812.9,820,796,801.25,801.25,1989799,15990.92138
2021-09-30,823,823.95,810.85,812.9,813.6,1622014,13235.61237
2021-09-29,824.5,829.4,811,822.9,823.45,2156442,17702.57746
2021-09-28,837,837.4,817,822.5,822.7,1933307,15939.33988
2021-09-27,837.1,842.4,829,834,835.05,1433229,11970.99935
2021-09-24,850.65,852,834,836.9,836.75,2846056,23908.13431
2021-09-23,857.15,859.75,849.05,850,850.65,1464265,12488.45808
2021-09-22,862,863.35,851.9,854.7,854.15,982114,8408.376652
2021-09-21,855,864.45,851,859.85,858.9,1478291,12684.93606
2021-09-20,870.05,876.95,855,857.45,857,1081450,9359.691462
2021-09-17,879.9,881,866.3,872.65,874.15,1829129,15980.31561
2021-09-16,873.5,883,871.35,874.95,874,1294536,11336.47571
2021-09-15,885,887.4,870.5,872.9,871.55,1945751,17033.66209
2021-09-14,884.8,885.9,877.6,880.2,881.3,622424,5488.872416
2021-09-13,876.8,884,870.7,880.1,882.1,1064009,9349.083542
2021-09-09,875,887.55,872.55,874.9,875.6,1685368,14804.43811
2021-09-08,874.3,881.35,855.55,879,879.8,1601842,13940.07845
2021-09-07,870,889,864.95,866.95,868.3,2840271,24948.19725
2021-09-06,869.85,877.65,863,869,870.05,985142,8581.686088
2021-09-03,873.55,873.55,862.15,868.05,869.85,1075187,9326.75911
2021-09-02,866.4,875,862.05,870.65,871.45,1314628,11453.48603
2021-09-01,871.1,874.7,852.3,865.4,867.45,2051666,17756.90939
2021-08-31,862,867.7,856.45,866.75,864.95,2132008,18398.03307
2021-08-30,850,862.75,850,859,860.5,1875514,16082.25342
2021-08-27,853.95,860.9,844,846.35,847.95,2366396,20140.72854
2021-08-26,842,856.8,834.55,854.5,853.3,2464570,20859.89327
2021-08-25,836.1,850.65,833.25,839.45,836,1777820,14966.01
2021-08-24,833.5,840.45,827,838.3,836.9,1170096,9757.42918
2021-08-23,849.65,849.7,823,834,832.5,2161681,18017.37956
2021-08-20,832.95,852.4,826.7,839.6,847.3,3782381,31841.70878
2021-08-18,839.25,844.85,830.15,840.4,841.4,3048603,25531.82838
2021-08-17,805,835,805,832.9,832.8,7580699,62524.14154
2021-08-16,807.4,815.45,800.1,802.5,802.15,2604160,21002.91854
2021-08-13,777,810.8,774.3,805.25,807.45,7956492,63656.11301
2021-08-12,765.65,776.2,763,774,774.25,880420,6784.906427
2021-08-11,771.9,774.2,752,765,765,1391781,10592.9003
2021-08-10,765.9,774.55,761.05,771,771.9,1429806,10978.16839
2021-08-09,783.45,783.45,763,765.9,764.85,1661739,12799.19841
2021-08-06,773,798.35,772,780,781.35,7849735,61533.50299
2021-08-05,761,770.7,757.3,770.5,768.35,2469893,18843.73658
2021-08-04,770,770,755.15,759,758.75,5426419,41177.90369
2021-08-03,760,770.75,759.55,766.8,767.65,2946289,22577.42954
2021-08-02,763,771,756.6,759.7,759.55,2054226,15651.07196
2021-07-30,752,762,745.2,755,756.25,1613176,12206.89473
2021-07-29,755,759.9,748.5,751.9,751.2,1742057,13103.47074
2021-07-28,768.95,770,739.2,755,754.9,3112462,23407.54484
2021-07-27,780.4,788.15,764,767.45,769.75,2001824,15532.25186
2021-07-26,780.25,786,770.8,777,776.35,2154261,16767.54775
2021-07-23,767.15,777,766,776.85,775.15,2021122,15624.23572
2021-07-22,763.5,765.9,755.1,765.1,764.2,1464419,11125.58501
2021-07-20,762,768,747,756,757.1,2195159,16585.29595
2021-07-19,761,770,758.55,766.2,765.55,1695546,12989.63609
2021-07-16,772.35,774.95,761.4,762,763,980383,7493.101966
2021-07-15,769,774.6,763.5,770.25,772.35,965602,7416.207056
2021-07-14,773.6,776.7,763.4,768,768.2,1094262,8404.505536
2021-07-13,780.9,780.9,766.7,771,772.85,1500414,11579.05226
2021-07-12,771,786.85,769.1,776.15,775.9,2992685,23362.6509
2021-07-09,763,772.75,759.7,766.8,765.95,1151792,8835.854073
2021-07-08,762.95,766,757,762.25,763.3,1540033,11705.43317
2021-07-07,759,766.05,751.25,765.05,763.05,2104914,15963.33554
2021-07-06,768,769,758,761.2,762.6,1411602,10754.76437
2021-07-05,770.45,771.5,765,767.3,766.3,1020895,7839.174113
2021-07-02,757.9,768.8,753.2,765.15,763.6,1916135,14621.97093
2021-07-01,755.8,760,750,758,756.05,1914434,14492.37529
2021-06-30,765,768.35,749.4,756.15,754.4,1733070,13135.19477
2021-06-29,766.4,771.9,755.85,761.05,758.05,1506378,11481.37977
2021-06-28,762,769.7,759,767.35,765.65,1486902,11382.35048
2021-06-25,755,763.45,753.5,758.45,757.6,1588289,12052.61804
2021-06-24,762,763.8,754,758,757.45,1668843,12659.66071
2021-06-23,760,765,751.85,759,757.85,2952360,22406.88506
2021-06-22,748,758.75,742.35,757.5,756.7,3346784,25190.30785
2021-06-21,729,743.95,727.85,743.5,742.55,1594856,11742.33591
2021-06-18,746,747.45,732.1,737.9,739.8,3762934,27856.53947
2021-06-17,730.55,747.3,724.85,744.15,745,4167585,30867.45894
2021-06-16,724,737.75,721,734.65,735.9,4134529,30223.42577
2021-06-15,718,724.1,715.4,718.2,719.5,2387652,17199.46098
2021-06-14,715.4,717,702.6,717,714.75,1798953,12838.73232
2021-06-11,714.15,717.35,709.5,716,715.4,2171601,15517.10338
2021-06-10,704.3,718.75,704,708,707.7,2571253,18283.15877
2021-06-09,712.3,714.85,700.75,703,702.85,3039558,21498.84489
2021-06-08,705.15,715.4,701.6,709.05,710.45,3981598,28296.28347
2021-06-07,690,707,687.3,701.6,699.95,3511853,24585.13702
2021-06-04,680.85,689.95,675,685.55,686.95,2398771,16448.64166
2021-06-03,676,683,673.25,678.2,680,2485855,16883.35176
2021-06-02,665.5,674.75,660.15,673.7,673.55,3021421,20234.91929
2021-06-01,665.8,667.25,656.8,666,665.8,2355484,15626.3245
2021-05-31,659.95,665,650.2,663.4,663.85,3417033,22514.50785
2021-05-28,650.5,657.7,646.3,652.75,654.95,2881977,18831.68452
2021-05-27,643.5,652,641.15,650,648.55,3543940,22922.65496
2021-05-26,652,655,640.65,641.55,641.9,2314694,14929.35888
2021-05-25,641,652,641,651.1,649.95,2085253,13494.24843
2021-05-24,650,654.7,638.5,640.75,640.1,2669967,17171.17871
2021-05-21,645.05,652.5,644.3,649.65,649.7,1833201,11880.60607
2021-05-20,656,656,640.1,643.7,644.9,2102743,13600.23297
2021-05-19,652,661,650.7,653,653.2,3202046,20957.90247
2021-05-18,658,658,648,653,653,2267368,14814.75831
2021-05-17,646,657.4,640.1,653.6,653.3,2659352,17290.36722
2021-05-14,640.5,649.5,638.05,644.5,645.15,2927148,18877.22394
2021-05-12,645,646.7,631.1,639.65,640.05,3137276,20068.76169
2021-05-11,628,649.9,625,640.2,641.6,4619231,29659.79835
2021-05-10,627,636.95,621,634,633.15,5026811,31653.75091
2021-05-07,636,642,614,629.95,629,14598653,91293.03864
2021-05-06,652,654.95,638.15,651.15,653.1,4000163,25857.39332
2021-05-05,649,656,640.05,652,649.05,3332318,21596.94886
2021-05-04,681,686.3,641.55,648,645.25,7400792,48377.21416
2021-05-03,661.85,682.5,661,679.55,677.1,1985777,13426.24179
2021-04-30,671,678,665.05,669,669.5,2206232,14811.69734
2021-04-29,678.35,680.45,666,672.25,671.85,3247095,21806.36999
2021-04-28,677,693,675,676,677.15,3900923,26644.44385
2021-04-27,674.95,679.9,668.1,674.2,673.7,2258769,15205.90999
2021-04-26,667,675,662.05,672,670.2,1845322,12365.59303
2021-04-23,667,675.7,661,665.9,664.6,2329094,15575.03552
2021-04-22,680.7,680.7,663,667.05,665.5,3013453,20149.05207
2021-04-20,677.35,698,666.3,678,680.1,8230341,56388.41913
2021-04-19,662,668.8,651.5,664.4,664.1,2620095,17288.82225
2021-04-16,662.8,676.55,660.3,668.95,671.3,2708331,18165.63985
2021-04-15,662.8,674,647.15,660.5,659.3,3193956,21025.92261
2021-04-13,657,677.9,656,663.8,663.95,3065417,20429.41976
2021-04-12,675,675.6,650,656.9,655.6,4201041,27797.13022
2021-04-09,670,685,665,684.5,679.8,2566543,17296.27335
2021-04-08,667.05,677.2,666.8,670,670.7,2477848,16643.91503
2021-04-07,674.95,674.95,659.15,664.85,665.75,3898156,26017.27209
2021-04-06,645.2,679,638.1,675,674.55,7636739,50819.84479
2021-04-05,651.95,651.95,639.2,641.9,644.95,3568896,23033.88331
2021-04-01,641,652.95,640.65,650.1,650.15,3844057,24900.89082
2021-03-31,630,645.7,630,636.5,638.9,4424477,28219.61355
2021-03-30,630.85,637.6,617.55,630.7,628.9,19895352,124954.3932
2021-03-26,620,634.95,615.1,628,628.3,3557256,22280.68856
2021-03-25,634,634.2,611,613,614.85,2981311,18386.61922
2021-03-24,632.8,639.15,624.65,632.1,629.1,2938251,18528.64798
2021-03-23,621,640,620.55,633.5,634.1,4940745,31309.85932
2021-03-22,603,623.05,596.25,621.5,620.55,3154483,19355.59868
2021-03-19,590,607.65,577.05,601,600.25,4874177,29107.79427
2021-03-18,606,608.2,587,597.5,594.9,3387208,20192.87336
2021-03-17,612,612.4,600.1,602.95,603.35,2263020,13684.76908
2021-03-16,611.55,618,608.5,611.9,610.65,2480801,15188.4703
2021-03-15,617.1,618.8,602.4,608.85,607.65,2765589,16810.58148
2021-03-12,623,624.8,613.4,614.9,615.25,1884687,11657.92317
2021-03-10,616.8,623.65,615,621.5,620.95,2778304,17202.66181
2021-03-09,618.8,620.9,602,612.4,611.7,3065358,18712.75875
2021-03-08,626.9,628.2,615,616,616.05,1939925,12031.29619
2021-03-05,633.7,643.5,618,623.6,622.65,2839628,17877.60575
2021-03-04,634.9,643.85,628.8,632,631.1,2621353,16668.91185
2021-03-03,635,648,633,637.5,636.9,3601961,23043.07931
2021-03-02,628.5,636,622,631.35,632.35,3051386,19213.08202
2021-03-01,614.9,628.5,609.2,627.05,624.55,2530243,15656.03835
2021-02-26,625,625.9,604.5,606,609.15,5547291,34103.95483
2021-02-25,628.9,639.15,624.35,629,628.5,4977348,31335.81455
2021-02-24,654,654,615,624,625.95,10479819,66710.93211
2021-02-23,619.9,635,616,629,627.5,4222282,26525.2389
2021-02-22,619,623.55,612,618.95,618.3,3020000,18658.55682
2021-02-19,624,626.1,610.45,617.7,616.95,3013104,18645.56915
2021-02-18,637.45,643.4,621.15,623.95,624,4457424,28120.11709
2021-02-17,636,645.7,624.25,632.85,632.15,8556599,54240.49397
2021-02-16,629.9,634.95,617.55,628.15,628.35,6418986,40256.91649
2021-02-15,608,625.5,607.4,625.5,623.1,3234989,19937.9498
2021-02-12,616.2,616.2,603.5,607,607.5,3621853,22018.22584
2021-02-11,603.3,622,598.35,611,610.35,7033762,43224.76064
2021-02-10,600.75,605.95,597.3,602,600.75,2435907,14659.49465
2021-02-09,597,607.5,594.55,598.75,598.7,3072281,18493.23901
2021-02-08,595,604.8,594.9,598,597.1,3970852,23836.78617
2021-02-05,593.9,600,589.2,592.95,592.5,5918498,35243.88974
2021-02-04,585,590,577.55,588.6,588.05,3816120,22300.37919
2021-02-03,589,598,571,579.8,580.15,10599727,62053.67264
2021-02-02,590,596.4,567.15,575.95,575.35,5713446,32931.27783
2021-02-01,563,588.75,554.35,588.5,584.15,4707518,26880.71447
2021-01-29,574,574,554.25,555,559.8,3593336,20307.36748
2021-01-28,571.9,576,561.5,565.5,564.6,4769073,26999.66125
2021-01-27,573,588.55,566.55,573,572.65,3662455,21196.47818
2021-01-25,587.8,589.85,570,573.55,573.6,2016556,11670.5887
2021-01-22,599.2,606.9,582.6,585.5,584.75,4307126,25669.73908
2021-01-21,603.4,612.75,590.05,599.3,595.25,4506198,27241.39314
2021-01-20,588,602.7,583.6,598,596.65,6156865,36689.47018
2021-01-19,590,591,577.35,582.4,582.7,5743934,33446.54202
2021-01-18,601.5,601.5,581,582.8,584.75,3346718,19729.49732
2021-01-15,610,613.5,595,602,602.4,4492648,27078.11033
2021-01-14,622.9,623,608.65,613.5,614,3576000,22010.39942
2021-01-13,626.8,633,611.3,619.95,620.4,3660044,22829.86622
2021-01-12,632.6,634.9,620,623.45,624.3,4562628,28565.94777
2021-01-11,613,632.8,609.5,632.5,629,6360644,39539.39456
2021-01-08,606.8,612.5,602.6,607.95,609.55,3458752,21026.12715
2021-01-07,609.7,610.3,598.55,601.95,600.85,2195640,13255.30121
2021-01-06,613,613.8,595.4,605.75,604.95,2167700,13141.28414
2021-01-05,604,614.3,601.1,608.65,609.55,3813409,23224.09395
2021-01-04,606.95,606.95,597.5,605.4,604,2120531,12798.43164
2021-01-01,593,606.8,591,601.75,601.5,3606724,21726.26903
2020-12-31,597.45,599.75,587,590.5,589.9,2322873,13746.35965
2020-12-30,598.8,604,590.05,593.65,594.35,2297999,13659.68159
2020-12-29,607.7,607.7,593.2,599,598.6,2114428,12640.05999
2020-12-28,607.7,611.95,599.2,604.1,602.45,2351027,14224.75482
2020-12-24,615,616.1,597.05,601,601,5295707,32091.34925
2020-12-23,577.8,606.85,573.05,606.6,605.3,7582654,45062.08421
2020-12-22,559.8,578.05,551,575.5,576,3264707,18520.66528
2020-12-21,574,579.95,553.7,560,562.75,4816486,27322.00662
2020-12-18,578,581.9,567.5,573.5,573.55,5068565,29034.00892
2020-12-17,584.95,593.4,575.55,577.65,577.3,3608243,21052.30913
2020-12-16,574.9,585.2,573.7,584,583.6,3686970,21398.99009
2020-12-15,577,580.65,566.5,572.65,571.3,3411634,19584.71595
2020-12-14,579.8,583,572.1,577,577,2482828,14350.69014
2020-12-11,584.8,589.35,570.55,575,576.4,3441778,19936.66794
2020-12-10,562,584.7,560.2,583,579.9,4578520,26286.7826
2020-12-09,564,570,560.35,566.2,565.5,2567264,14542.78923
2020-12-08,570,570,558,563.1,562.75,2866169,16169.71833
2020-12-07,563.95,570,561,567,567.85,3707125,21008.11318
2020-12-04,552,566.9,549.75,563,563.5,4170295,23388.37479
2020-12-03,541,552.9,540,550,550.4,3859218,21128.20333
2020-12-02,532,541.8,530.1,538.35,539.25,3694795,19866.98267
2020-12-01,554,554,525.3,529.9,529.3,5105352,27376.77757
2020-11-27,520.8,545.3,520.55,537.05,538,18853563,101153.6528
2020-11-26,516.5,523.6,505.05,520,519.85,3566655,18463.78039
2020-11-25,529.25,529.4,508.4,515.95,514.8,2941845,15177.74119
2020-11-24,524.2,530.7,521.65,526,526.85,4070241,21456.73853
2020-11-23,520,534.9,519,520,521.65,5314636,28030.67469
2020-11-20,520.25,523.8,515.6,519.3,519.05,2767344,14375.38449
2020-11-19,515.9,528,512.25,514.8,515.6,3655576,19024.82696
2020-11-18,518.3,524,514,517,516.9,3693589,19196.57157
2020-11-17,518,521.85,513.1,517.8,518.3,2774413,14384.70413
2020-11-14,517.85,518.9,515,515.25,516.15,530739,2742.913855
2020-11-13,509.8,519,508.2,514.5,513.25,4005435,20613.72259
2020-11-12,505,512.5,502.2,507.8,508.75,2737879,13898.0458
2020-11-11,499.5,504.9,495,504.55,503.45,2912596,14573.66479
2020-11-10,511.2,513.5,495,497,498.4,3255303,16331.44103
2020-11-09,511,517.85,505.5,508.6,509.85,6179187,31633.88483
2020-11-06,507.75,510.35,501.45,503.2,504.2,3209659,16236.50768
2020-11-05,497,509.2,495.85,506.65,506.45,5208756,26285.54783
2020-11-04,491,498.55,489,494.5,492.75,5024804,24695.90764
2020-11-03,497.8,504.55,488.3,490.2,489.5,8103580,39908.81849
2020-11-02,494,498.2,488.3,493.85,493.75,6105178,30100.82439
2020-10-30,494,500.3,488.9,494,492.85,4403239,21714.39948
2020-10-29,488.6,495.4,484.3,492.2,492,4366108,21486.58122
2020-10-28,501.8,504.8,489.55,492.45,492.85,5195487,25805.94936
2020-10-27,478,501.65,478,501,498.75,10455347,51551.51302
2020-10-26,474.9,484.3,470.15,476.8,476.95,6102542,29157.03003
2020-10-23,469.95,474,466.2,472.8,472.8,2619244,12342.21073
2020-10-22,465.65,470.5,460.45,466.95,466.2,3460945,16131.25807
2020-10-21,479.7,482.3,458.95,464.5,465.3,4907270,23075.08487
2020-10-20,476,484,475.15,476.3,477.9,2736592,13107.91767
2020-10-19,481.9,484.25,472.05,476.6,475.85,3162082,15107.10829
2020-10-16,478.75,486.7,475.05,478,477.1,4313466,20730.29149
2020-10-15,493,494.2,471,474.45,474.1,4700097,22730.81224
2020-10-14,468.7,491.4,463.55,490.35,489.8,8021661,38665.18085
2020-10-13,473.8,477.5,467.05,468.45,468.95,2260828,10694.12183
2020-10-12,474.5,483.6,470.35,474.05,474.7,4422571,21056.90974
2020-10-09,490.2,493.05,470.05,472.9,471.25,6721697,32185.28781
2020-10-08,506.8,508.3,485,489,488.25,5419804,26719.40642
2020-10-07,507,511,501.6,504.95,505.05,2157279,10906.08967
2020-10-06,507,513.5,502.85,505.95,505.6,2973464,15099.51925
2020-10-05,513.4,513.4,502.1,503,503.55,2023148,10232.39563
2020-10-01,508.55,511.2,499.1,508.8,509.1,3070369,15561.10264
2020-09-30,507,515.5,495.55,499,499.95,6252290,31609.03762
2020-09-29,519.6,527,500.1,502,503.25,4918426,25012.11985
2020-09-28,514,522,503.55,516.3,517,5554225,28428.91474
2020-09-25,498.8,512,495.3,509.8,509.8,5153485,26128.92474
2020-09-24,489.9,492.85,478,486.5,488.65,9647490,46941.64002
2020-09-23,506,510.9,490,490.6,493.55,4284384,21354.34408
2020-09-22,504.45,511.7,490.4,503.8,504.4,5113531,25765.81523
2020-09-21,540.6,542.3,502,503,507.75,3886373,20339.85703
2020-09-18,551.05,553.25,537.3,540.9,540.6,9395458,50993.76883
2020-09-17,542,552,533.15,548.25,548.3,3725336,20320.9673
2020-09-16,541.95,546.35,537.55,541.45,542.4,2127939,11542.97267
2020-09-15,547,550.5,540.5,541.9,542.35,1813411,9872.267524
2020-09-14,552,555.2,543.4,546,546.5,2809333,15438.90634
2020-09-11,549.8,553,540.95,547.95,548.4,3451646,18901.60106
2020-09-10,538,548.9,534.15,546.3,546.55,3787088,20523.83498
2020-09-09,534,540.9,529.15,535.4,534.75,4392057,23448.48797
2020-09-08,547.2,548.7,533.65,534.9,538.35,3891955,21145.47997
2020-09-07,570,572,542,545.45,545.3,5254308,28837.23052
2020-09-04,568.95,587.4,566.6,568,569.05,6464047,37311.57803
2020-09-03,548.5,591.95,548.5,576.35,578.5,12052262,69447.75349
2020-09-02,552,556,542.1,548.3,549.85,4042692,22167.06081
2020-09-01,526,549.8,526,549.5,548.5,3854981,20897.32284
2020-08-31,549,552.35,528.2,533.9,532.35,5543930,29750.97204
2020-08-28,547.9,555.85,544,548.1,547.05,2692947,14790.58557
2020-08-27,552.8,553.85,543.5,545.65,544.65,2572198,14047.40539
2020-08-26,544.9,561.4,544.7,549,549.15,5778039,32002.31859
2020-08-25,547.4,547.7,541.25,544.9,545.55,1850495,10062.70339
2020-08-24,546.5,550,543.55,545.45,545.55,2123227,11587.55192
2020-08-21,553,556.95,544.15,545.9,545.8,2953395,16202.14999
2020-08-20,541.4,553.2,540.05,550,549.25,4812376,26277.14718
2020-08-19,547.45,551.1,542.35,548.1,548.2,3597625,19659.20148
2020-08-18,545.55,553.4,542.5,545,545.75,3328165,18240.00799
2020-08-17,541.15,548,538.3,545.55,543.75,5044208,27388.71829
2020-08-14,541.95,544.5,530.55,538.75,537.5,5922027,31904.13152
2020-08-13,520,543,518.55,541,539.05,7877240,42241.16673
2020-08-12,515.2,522,509.15,518,517.55,3883868,20085.38419
2020-08-11,524.5,527.9,514.3,516.4,515.9,4690415,24382.22754
2020-08-10,520.95,526,510.7,521.1,520.3,6832826,35455.30496
2020-08-07,487.6,529.95,482.7,517,518.6,30560093,156840.9174
2020-08-06,450,489,449.05,483,484.75,15882667,74919.98086
2020-08-05,465,471.8,440.3,448,447.6,20178367,91931.24884
2020-08-04,439.4,452.3,436,450,449.75,6816093,30369.09617
2020-08-03,428.95,440,427.7,435,434.1,2917293,12665.80791
2020-07-31,425,434,425,428.5,428.05,3115208,13393.89178
2020-07-30,430.4,432,421.55,425.6,424.9,1866344,7968.26688
2020-07-29,417,429.9,417,428.9,427.7,5938179,25245.7712
2020-07-28,409.95,416.4,409,413,413.05,3500424,14437.00425
2020-07-27,408.45,414,404.3,407.75,408.45,3132821,12843.45988
2020-07-24,404.7,415,402.35,408.4,408.45,3124083,12797.11333
2020-07-23,409.6,412.35,402.7,405.15,404.4,2992497,12148.70699
2020-07-22,410,417.4,404,406.6,407,2620408,10782.69976
2020-07-21,424,424.75,408.4,409.95,409.45,2752464,11422.27692
2020-07-20,426.7,426.7,417.95,423.2,423.1,1680913,7089.089449
2020-07-17,411.4,424.5,411,424.5,423,2740799,11436.04158
2020-07-16,415.4,415.8,407.15,410.4,410.3,2027081,8311.287912
2020-07-15,422.85,423.1,411.35,412.2,413.05,2076567,8678.843859
2020-07-14,420,426.45,417.5,418,419.35,3232206,13643.31556
2020-07-13,430.1,433.55,422,424.45,424.45,2552387,10918.67224
2020-07-10,429.55,437.75,428.65,430.6,430.1,3765369,16272.7995
2020-07-09,433.05,437.3,428.85,433.9,433.35,2808388,12159.50461
2020-07-08,416.15,436.3,414.85,431.3,432.4,6978409,29933.86838
2020-07-07,408.4,414.4,403.7,412.9,412.7,4088132,16792.37141
2020-07-06,400.05,408.45,397.3,406.8,405.7,4073356,16463.73173
2020-07-03,395,402.3,392.65,396,396.45,3223338,12812.42641
2020-07-02,385,395,384.55,395,390.8,2607208,10136.27506
2020-07-01,385,388.5,380.5,385,384.5,1611560,6207.628597
2020-06-30,388,391.8,385.9,388,387.45,1861565,7240.483531
2020-06-29,387.05,392.3,382.15,386.5,386.55,2764410,10715.69364
2020-06-26,387.1,388.95,382.5,386.35,385.65,1759164,6771.809103
2020-06-25,380,389.4,377.6,384,384,1961942,7541.201913
2020-06-24,391.9,394.9,379.35,382.45,383.1,3889495,14973.52506
2020-06-23,383.9,391.9,382,389.4,390.85,3834537,14905.36221
2020-06-22,383,385.15,377.6,382.65,381.1,2623145,9993.656664
2020-06-19,373.85,383,373.35,379,377.3,4249130,16023.58226
2020-06-18,367.8,374,365,373.35,372.15,1929542,7123.49908
2020-06-17,366,373.25,366,370,369.6,2556996,9455.174421
2020-06-16,376,377.95,360.25,369,369.05,2343185,8649.126887
2020-06-15,371.5,379.95,366.4,370.5,370,2293579,8527.898055
2020-06-12,365.1,373.05,365.1,371.75,371,3179903,11751.36631
2020-06-11,386,386.5,374.4,376,375.8,2856042,10843.73858
2020-06-10,385.95,393.95,380.2,384.95,384.65,3409853,13177.75579
2020-06-09,382,388.85,379.5,384.65,384.25,2635662,10150.30951
2020-06-08,384,385.95,377.55,379,379.45,1565959,5971.267255
2020-06-05,384,387.8,377,379.85,379.75,3140726,11963.46485
2020-06-04,369.5,383.5,366,383.5,381.5,4535656,17036.90925
2020-06-03,372,372,364.55,367,366.65,4027688,14801.33155
2020-06-02,362.85,370,361.3,367.5,367.45,2638814,9701.01923
2020-06-01,368.5,369.4,359.5,362,362.85,9637219,35004.96228
2020-05-29,370.55,382.8,357.35,361.05,366.9,63552596,234317.6879
2020-05-28,367.95,373.4,366,369.6,371.15,3390919,12575.27291
2020-05-27,374.6,375.7,362.2,366.35,368.55,3384200,12442.06732
2020-05-26,366.8,376.45,360,372,371.95,7728762,28674.34713
2020-05-22,361.55,366.95,356.2,361.85,362.45,3958853,14385.38159
2020-05-21,363.9,366.4,355.3,359.05,360.3,3883273,14011.67526
2020-05-20,359.6,363.8,356.55,361.35,360.75,3489683,12559.75522
2020-05-19,350.9,363,349.25,357.3,358.05,5696557,20379.84888
2020-05-18,351.2,355.8,343.4,348.1,347.1,4181455,14609.67514
2020-05-15,353.1,367.75,349.1,350.65,352.2,9452903,33731.53922
2020-05-14,350,364.5,350,363.55,362.8,5120949,18450.21975
2020-05-13,375,375,348.5,355.1,356.35,8536960,30461.23293
2020-05-12,354.45,363.3,346.65,358.5,358.7,3258000,11590.21155
2020-05-11,353.85,365,349.05,356.05,355,4792046,17241.58073
2020-05-08,347,355.5,344.1,348.8,348.75,3247803,11361.1703
2020-05-07,335.95,344.6,328.8,343.25,341.3,3605559,12226.38155
2020-05-06,331.45,341.2,325.65,336,335.55,3642689,12182.75711
2020-05-05,339,342.9,327.85,329.45,329.5,2833278,9417.234682
2020-05-04,340,347.2,333,335.5,334.95,3385502,11473.25659
2020-04-30,359.95,361.4,349.85,350.75,351.6,4760235,16905.10876
2020-04-29,343,356,343,351.8,354,3653520,12870.99981
2020-04-28,352.85,355.6,340.45,345.45,342.9,3767231,13007.04388
2020-04-27,331.95,351.35,331.25,349.55,349.35,7426428,25498.10456
2020-04-24,323,336.85,323,328,326.1,5438859,17930.90219
2020-04-23,338,339.8,325.3,329.65,329.95,3747888,12497.73725
2020-04-22,314.65,335.45,310,334.95,330.15,4645157,14924.31193
2020-04-21,318,320,311,312.05,312.4,3462477,10910.05253
2020-04-20,324.6,332.85,321.15,324.2,324.7,3621444,11815.03415
2020-04-17,334.95,336.4,316.85,325,324.5,4845929,15797.60351
2020-04-16,317.85,333.7,315.65,323.9,324.05,8211111,26549.81085
2020-04-15,311.1,322.75,305,317.9,315.65,5721837,17990.35812
2020-04-13,315,315,301.1,303.7,305.05,3699875,11382.33291
2020-04-09,301.4,319,300.2,307.8,309.05,7699408,23741.34248
2020-04-08,282.7,296,276.7,296,294.4,5331494,15537.4119
2020-04-07,280,286.75,271,283.65,284.55,6492026,18148.60244
2020-04-03,286,286,264,267,267.15,5990376,16117.27534
2020-04-01,292.85,304,277.35,279.25,280,5532600,15713.39022
2020-03-31,291.5,297,284.85,294.95,294.85,3270034,9546.194374
2020-03-30,282.5,284,272.65,281.85,281.4,2901726,8092.262233
2020-03-27,290,294.95,279.25,290,284.75,2980927,8569.340075
2020-03-26,279.5,293.55,263.45,283,279.05,3335026,9404.723994
2020-03-25,248.1,282.45,246.9,279.5,277.15,3964419,10691.32801
2020-03-24,249.15,256.1,213.7,254.45,249.05,6054692,14508.90429
2020-03-23,240,247.9,225,225.05,226.5,2922955,6912.075745
2020-03-20,247,273.4,244.5,265,264.2,3907691,10161.70855
2020-03-19,258,265.5,232.25,248.05,250.75,6319923,15743.21945
2020-03-18,285,288.6,262,268.2,267.45,4038726,10914.21909
2020-03-17,305,308.7,282,285,283.85,3307865,9657.043464
2020-03-16,305.3,314.3,296.6,305,300.3,3695163,11262.64805
2020-03-13,273.55,327.8,258,326.05,324.25,7428604,22871.97412
2020-03-12,320,320,297.2,305.85,303.45,5405030,16492.20112
2020-03-11,326.85,337.75,325,327.15,327.85,3475868,11508.13147
2020-03-09,338,340.85,319.15,325.95,330.1,5653412,18749.8498
2020-03-06,340,346.9,334.15,342.4,344.5,4469801,15331.54944
2020-03-05,353.75,357.1,347,347.15,348.5,1890082,6652.529927
2020-03-04,356.2,357.6,339,348.8,349.2,2331888,8091.519183
2020-03-03,340.6,357.7,340.6,357.65,355.3,4204156,14762.69562
2020-03-02,351.05,355.25,333.6,338,338.8,3837169,13353.80992
2020-02-28,357.95,357.95,341.55,348.8,346.15,4494646,15574.22798
2020-02-27,364.1,365.65,360.25,363,363.3,1827751,6631.719331
2020-02-26,367.6,370.15,361.2,365.9,365.65,2808589,10293.3098
2020-02-25,370.5,374,365.55,370.5,369,3659466,13567.7449
2020-02-24,378.9,379.85,367.75,370,369.1,3017687,11287.1684
2020-02-20,383.15,384.95,379.1,380.15,380.5,5137245,19589.02384
2020-02-19,383,386.35,377.6,383.9,383.15,4326781,16555.28996
2020-02-18,380,386.5,373.2,382.45,382,7402772,28081.02946
2020-02-17,397.7,401.9,375.85,381.6,381.05,9537335,37281.99413
2020-02-14,393,400,390.5,396.65,396.9,4733600,18764.89159
2020-02-13,394.55,397.85,389.55,392.3,392.55,2860031,11220.95837
2020-02-12,391.7,396.75,391.6,395.8,395.15,4018932,15863.30939
2020-02-11,395,399,389.25,390.45,390.6,4171668,16444.41023
2020-02-10,398.45,398.45,388.35,392.5,392.3,3145276,12328.78391
2020-02-07,391.1,404,390.55,395.75,396.7,11308676,45156.10459
2020-02-06,396,397.35,387.35,392.25,392.05,4985380,19497.94987
2020-02-05,382,408,381,394.6,394.6,23579395,93724.10455
2020-02-04,384,384,375.55,380.3,379.9,5327138,20203.25853
2020-02-03,373.75,382,367.5,382,378.85,3318729,12510.20531
2020-02-01,382.95,388.5,370,375.55,372.65,2479916,9450.274174
2020-01-31,382.6,386.65,380,384,383.4,2681230,10279.93355
2020-01-30,385.7,385.8,380.15,381.9,381.6,2297423,8790.724238
2020-01-29,384.9,393.3,382.25,383.95,383.45,6500722,25197.71364
2020-01-28,382.8,387.6,378.25,381.8,380.7,2710063,10377.25823
2020-01-27,383.8,389.4,380.45,381.5,382.4,3735041,14384.94906
2020-01-24,394.75,394.75,383.75,384.35,384.6,6033580,23419.59355
2020-01-23,385,399.45,383.4,393.8,393.25,11073810,43758.97428
2020-01-22,388.85,388.85,382.2,385,385.05,4148230,15978.42482
2020-01-21,382,389.4,379.05,385.8,385.8,5981471,22979.16093
2020-01-20,380.3,385.5,377.1,382.05,383.15,7618479,29081.48195
2020-01-17,383.7,384,376.6,380.55,380.3,5495593,20880.60838
2020-01-16,392.5,393,382.2,383.75,384.25,12118796,46761.77293
2020-01-15,389.5,395.95,385,390.6,391.45,24437080,95440.26552
2020-01-14,360.5,392,358,389.1,389.6,44997621,170304.3225
2020-01-13,343,353.85,342.05,353,352.95,7399348,25854.54053
2020-01-10,329.9,343.3,329.05,342,341.35,10109760,34308.11122
2020-01-09,318.05,330,317.4,328,328.55,4302141,14015.65099
2020-01-08,312.2,317.35,311.5,316.1,316.25,1521535,4787.708312
2020-01-07,314,319.4,312,314.3,314.9,2146089,6770.939604
2020-01-06,315.25,318.15,310.4,312,312.1,1712158,5378.908336
2020-01-03,323.8,323.8,317,318.2,318.2,1718884,5493.506646
2020-01-02,323.6,327.45,321.1,323.3,323.35,3091351,10009.6992
2020-01-01,321.35,324.75,318.65,323.45,323.85,1514293,4878.566115
2019-12-31,321.4,326,319.6,321.25,321.35,2616389,8453.284114
2019-12-30,318.45,322.75,317.05,320.9,321.4,2910244,9318.751486
2019-12-27,314,319.5,313,317.8,318.45,2357762,7468.516054
2019-12-26,315,319.7,312.05,313.25,312.9,3323173,10507.17092
2019-12-24,315.05,318.4,312.5,314.6,315.35,1933222,6098.440935
2019-12-23,318.2,322.9,313.7,314.65,314.9,6065714,19298.24757
2019-12-20,313.35,315,311.25,313.2,312.65,1799384,5635.651227
2019-12-19,312.4,316.35,309.1,314,313.95,5360691,16755.41631
2019-12-18,325,326.45,304.6,313.25,312.35,4790723,15189.3451
2019-12-17,323.8,329.9,322.55,326.5,325.15,2918086,9535.01574
2019-12-16,329,329.4,320.55,322.9,322.25,2144758,6979.254511
2019-12-13,323.9,330.05,321.6,327.7,328.05,4606412,15026.47015
2019-12-12,314.6,327.55,314.35,323.45,323.55,5568413,17959.75714
2019-12-11,311.5,315.5,309.35,314.35,314.35,1854516,5805.615896
2019-12-10,316,317,311.35,312.85,312.85,1292439,4046.487594
2019-12-09,312.1,317,311.55,315,315.45,1118398,3525.638447
2019-12-06,316,319.85,312.5,313,313.75,1692801,5344.783499
2019-12-05,321.3,321.95,312.5,315.8,315.6,2887465,9108.574078
2019-12-04,312.2,319.95,311.65,318,318.9,1659772,5269.427699
2019-12-03,316.2,316.8,310.2,313.45,314.4,1564692,4912.751396
2019-12-02,324.8,325.3,316,316.2,316.8,2025042,6476.937125
2019-11-29,318,324.9,314.55,322.6,323.15,4891923,15647.09045
2019-11-28,308.1,321.75,307.5,317.35,318.7,8388284,26434.95769
2019-11-27,301,308.7,298.7,308.7,307.35,2647248,8045.461252
2019-11-26,303.8,305.05,298.05,299.1,299.5,2171513,6527.477907
2019-11-25,299.9,305.65,299.05,302.5,302.15,1483132,4494.508015
2019-11-22,303,303,296.7,299.4,299.6,2167799,6498.189795
2019-11-21,306.8,311.95,300.35,302.2,301.8,2983373,9173.940723
2019-11-20,304.9,307.9,301,305.7,306.8,2044550,6237.678172
2019-11-19,306.45,308.4,300.9,302.5,302.5,1672538,5090.697719
2019-11-18,296.5,307,296.5,305.55,305.3,3635065,11058.77276
2019-11-15,295.55,302.5,295.55,298.95,297.75,3644187,10914.70763
2019-11-14,287,296.85,285.25,295.55,295.5,4984429,14573.46018
2019-11-13,296.2,296.7,287.4,289.5,289.5,2579434,7508.300664
2019-11-11,292,297.45,292,294.25,294.95,3794293,11195.26476
2019-11-08,299,299,294,294.6,295.2,4689759,13899.6622
2019-11-07,300.5,302.5,296.3,302,300.85,2003799,6002.181172
2019-11-06,300,305.8,299,299.45,299.9,3708046,11181.27769
2019-11-05,306.6,308.15,299.55,300,300.5,2621087,7923.869103
2019-11-04,305.1,312.25,301.4,307,306.6,5879974,18110.89681
2019-11-01,316.8,322.5,304.3,304.5,304.95,9141707,28544.26877
2019-10-31,290,319.8,283.7,317,317,21060789,64697.44628
2019-10-30,288,295,284.7,292.05,291.75,5628792,16332.64086
2019-10-29,281.85,288,278.7,287.95,283.4,2690746,7571.508631
2019-10-27,279.6,281.65,278.15,280,279.85,277674,776.691765
2019-10-25,281.95,281.95,277.35,277.4,279.6,1338263,3740.132694
2019-10-24,279,285,278.1,281.5,281.1,1320404,3720.608367
2019-10-23,284,284.6,277,277.2,278.85,1218611,3421.887384
2019-10-22,283.35,287.9,280.55,281.4,281.75,1998064,5665.442357
2019-10-18,279.4,285.2,275.8,281.05,282,3298797,9240.122174
2019-10-17,276.35,280.25,271.75,278.8,279.45,1981158,5445.878698
2019-10-16,277.9,279,273.7,274.6,275.55,814304,2250.983488
2019-10-15,277.45,278.45,273.8,277.6,277.75,1009890,2798.795667
2019-10-14,274,277.8,273,275.5,275.75,2040226,5622.720363
2019-10-11,268.25,273.9,265.85,272,272.05,3586098,9664.073105
2019-10-10,269.9,272.45,265.1,266.5,266.65,880540,2360.742706
2019-10-09,266.1,271.65,264.25,269.85,269.95,2022400,5433.717872
2019-10-07,267.75,269.1,262.85,265,265.7,1072461,2857.065654
2019-10-04,274.1,274.9,262.65,266.05,266.2,3182068,8530.940932
2019-10-03,270,274.35,268.5,272.4,272.75,1509727,4112.016915
2019-10-01,276,276.85,267.35,271,270.65,3532083,9637.506803
2019-09-30,281.95,281.95,275.35,276,276,2057195,5717.757524
2019-09-27,279.9,287.7,278.6,282,281.95,4289026,12192.98026
2019-09-26,281.9,284.85,277.15,279.9,279.9,4937972,13863.10666
2019-09-25,274.5,281.25,271.3,280,279.45,3273970,9044.547112
2019-09-24,274,277.5,271.95,275,275,2160946,5934.421866
2019-09-23,266,277,265.2,273,273.65,9811055,26788.53795
2019-09-20,254.1,270.65,249.95,267.3,267.35,4803062,12653.91901
2019-09-19,259.7,259.7,250.65,254.3,254.45,3546569,9003.920352
2019-09-18,258,261.35,253.5,260,259.75,2360120,6104.261277
2019-09-17,258,260.8,255,256,256.25,2237086,5774.621643
2019-09-16,256.5,259.4,255.7,256.85,257.5,1044609,2690.529357
2019-09-13,263.9,264.5,256,258.8,259,3050128,7927.959908
2019-09-12,259.8,263.9,258.2,263.2,262.3,2744024,7177.648224
2019-09-11,265.95,267.8,257.2,257.95,259.35,2667978,6974.83819
2019-09-09,263.5,267.35,261.7,263.65,263.8,2640504,6980.306043
2019-09-06,265,266.3,259.55,263.5,262.75,1255736,3293.1415
2019-09-05,268,269.25,263.45,264,264.45,1401218,3728.054941
2019-09-04,271.95,272.9,262.35,267,267,2261160,6019.042338
2019-09-03,277,279.6,270.2,270.75,271.2,1619484,4458.209441
2019-08-30,275.5,280.45,274.9,278.05,278.5,2714305,7540.035629
2019-08-29,281,282,271.45,275.1,274.55,4231503,11657.67118
2019-08-28,270,281.3,267.6,280.6,280.05,7632634,21143.31882
2019-08-27,270,271.3,264.85,267.8,266.4,1420227,3790.254621
2019-08-26,269.25,273.9,265.8,269.6,269.05,1791288,4831.0706
2019-08-23,259.55,267.25,256.85,266.6,265.95,1376595,3625.451303
2019-08-22,261,262.85,256.65,257.3,258.7,864809,2252.526024
2019-08-21,266,266,259.6,260.45,261.45,1222492,3207.712056
2019-08-20,268.95,270.35,263.65,265.4,265.9,600434,1601.041754
2019-08-19,267.4,271,266.2,268.2,268.2,1332431,3581.098554
2019-08-16,265.85,269.5,263.8,266.5,266.85,823258,2196.315015
2019-08-14,264.1,269.7,261.2,266.2,267,1331862,3536.731077
2019-08-13,264.5,268.1,261.8,262.85,263.6,1060200,2811.05752
2019-08-09,272,273.9,264.75,265.65,265.5,2192096,5877.145637
2019-08-08,271.5,272.7,266.85,270.55,270.9,1823157,4923.282709
2019-08-07,271.25,274.35,268.35,269.55,269.4,1761095,4773.728292
2019-08-06,262,273.2,261.95,269.05,270.55,2899938,7805.882753
2019-08-05,264.35,266.4,259.7,261.5,260.9,2298112,6035.507742
2019-08-02,258.7,269.75,254.4,265.35,265.6,3587924,9436.668445
2019-08-01,252,262.5,250.5,258.7,258.75,5362278,13881.22251
2019-07-31,247,254.45,245.7,250.6,251.6,1479989,3710.938639
2019-07-30,257,259.2,247.7,250.4,249.7,1577476,3991.502236
2019-07-29,258.5,259.95,252.6,256.6,256,1208093,3091.265581
2019-07-26,251.95,260.5,250.4,258.5,258.35,2006636,5165.393857
2019-07-25,249.8,254.6,249.3,253,251.6,1509879,3808.747534
2019-07-24,250,252.1,248,248.25,249.9,1761267,4390.234964
2019-07-23,250,253.25,249,250.4,250.4,1441755,3615.84946
2019-07-22,249,255.5,247.1,251.5,251.6,1740529,4387.746328
2019-07-19,256,256.35,245.6,248.95,248.85,2750857,6839.641293
2019-07-18,256.7,258.75,254.25,255,255.1,1082809,2774.208458
2019-07-17,258.65,263.5,255.95,256.85,257,2631378,6819.432441
2019-07-16,254.3,261,254,259.1,259.55,1245709,3221.615393
2019-07-15,260,260,253.5,253.75,254.3,1832470,4677.199031
2019-07-12,255,260.2,253.15,257.8,257.95,1087977,2792.682593
2019-07-11,253,259.55,252.15,255.5,255.95,2071153,5308.425047
2019-07-10,263.3,264.7,250.3,251.45,251.65,2861877,7317.127008
2019-07-09,263.1,266.25,261.45,263.3,263.55,1723027,4554.167445
2019-07-08,265,266.95,260.55,264.25,263.55,1429701,3767.870171
2019-07-05,270,272.2,263.25,265.25,266.6,1804483,4849.471107
2019-07-04,272.2,273,268.6,269.55,269.65,2067702,5593.375153
2019-07-03,271,273.9,269.95,271.4,271.65,1027844,2792.407828
2019-07-02,273.3,275,269.5,271.35,271.8,1702477,4626.425636
2019-07-01,270.1,272.7,268.5,272.1,271.55,1425361,3853.077672
2019-06-28,273.8,273.8,267.5,269.55,269.7,2322676,6262.921303
2019-06-27,274,277.4,269.3,272,273.8,3685617,10069.73575
2019-06-26,260,275,258.3,272.6,272.65,8391203,22563.89013
2019-06-25,260,260.7,256.85,258.8,259.15,1699986,4399.55071
2019-06-24,261,263,256.75,260.1,259.95,2281154,5920.457932
2019-06-21,255.85,264,253.5,261.4,261.8,3760383,9775.809098
2019-06-20,244.85,256.8,244.7,256,255.85,4602715,11500.42075
2019-06-19,248.6,250.2,243.15,245.6,245.3,2503805,6165.414353
2019-06-18,246.25,248.65,245.05,248.5,247.8,1752118,4328.072029
2019-06-17,246.5,251.8,243.35,246.25,245.7,1818946,4494.283959
2019-06-14,253,254.85,246.1,246.25,247.05,1914763,4779.565438
2019-06-13,255.2,255.9,251.15,252.9,253.85,1232935,3123.653427
2019-06-12,254.8,257.45,253.25,255,255.15,2028664,5182.736748
2019-06-11,253.45,256.7,250.6,255.6,255.35,2440220,6185.86917
2019-06-10,257,259.05,250.65,253.4,252.7,3098985,7892.155479
2019-06-07,251.5,259.85,247.65,256.8,257,6012221,15376.25116
2019-06-06,253,257.4,246.75,250.25,252.5,5822991,14740.60755
2019-06-04,244.6,258.7,244,253.8,253.45,10943654,27781.24373
2019-06-03,245,247.4,242.3,244.95,244.95,3279574,8036.16354
2019-05-31,237,246.25,235.35,244.7,244,6568324,15903.0408
2019-05-30,234.1,238.15,233,237,236.85,1442935,3394.901809
2019-05-29,236.9,239.9,232.4,234.25,234.35,2445735,5769.243823
2019-05-28,235.4,243.75,233.75,236.75,237.3,4121336,9805.463714
2019-05-27,237.2,237.5,232.25,233.5,233.4,1832951,4283.987247
2019-05-24,230.7,236.4,227.9,235.5,234.9,2395433,5593.895232
2019-05-23,238,238,229.2,230.95,230.3,3287277,7634.569547
2019-05-22,233,236,230.15,233.4,234.05,3274093,7632.829094
2019-05-21,235,237,229.7,232.1,232.5,4396346,10234.55707
2019-05-20,239.8,241.95,231.5,234.15,235.85,7507001,17710.61752
2019-05-17,220,238.3,218.6,235.55,235.4,17955568,41051.03774
2019-05-16,207,223,197.15,221.4,220.8,27398307,58192.35194
2019-05-15,202.3,204.9,198.1,198.6,199.25,2581825,5205.013256
2019-05-14,202,204.9,197.25,201.35,200.25,4190535,8441.945449
2019-05-13,197.25,204.3,197,200.05,199.85,2827684,5712.980005
2019-05-10,198.6,201.4,197.55,198.25,198.5,1246805,2490.315376
2019-05-09,199.3,200.95,195.1,199,198.6,1365985,2710.879646
2019-05-08,200,202.25,198.25,199.3,199.45,1452184,2901.656944
2019-05-07,203.1,206,198.8,200,199.75,1453964,2955.570702
2019-05-06,202.9,206,202.05,202.2,202.65,1068557,2177.998934
2019-05-03,205.9,207.45,203.35,204,204,1639544,3365.091353
2019-05-02,208.1,210.05,205.05,205.15,206.3,2271545,4714.367842
2019-04-30,211,213.05,207.3,209.1,209.2,2370602,4975.868725
2019-04-26,213,216.9,209.7,213.35,213.2,2510185,5365.519586
2019-04-25,209.4,212.85,207.3,212,211.2,3228599,6781.515247
2019-04-24,204,211.95,200.65,209.1,208.9,9668429,19947.93564
2019-04-23,209.8,210.85,204,208.05,209.6,3217791,6686.710728
2019-04-22,208.15,213.45,208,209.2,209.35,2003793,4228.279298
2019-04-18,215.7,216.8,207.3,207.65,208.85,2818804,5918.714737
2019-04-16,217.4,217.4,214.55,215.8,215.7,1143488,2464.216425
2019-04-15,216.45,218.7,213.9,216.1,216.65,2673514,5800.561042
2019-04-12,215.95,217.25,213.05,215.5,215.15,2620746,5640.004927
2019-04-11,208.7,215.25,208.6,215,214.6,2439649,5188.128894
2019-04-10,208.1,211.9,207.75,208.5,208.8,1142036,2390.818453
2019-04-09,211.9,211.9,207.95,210.3,210.25,827540,1735.629957
2019-04-08,212,214.7,210,210.4,211.7,1557504,3310.169954
2019-04-05,211.4,215.5,210.05,212,211.3,2761691,5872.979363
2019-04-04,208.4,212.4,205.65,211.2,211.35,2089235,4372.176892
2019-04-03,212.65,213.2,207.35,208.7,208.35,2330970,4909.617762
2019-04-02,208,214.7,207.55,211.8,211.9,3913611,8312.444561
2019-04-01,204.55,209.3,204.2,208.1,208.1,1915582,3970.030843
2019-03-29,199,206.2,198.85,204.2,203.95,2889335,5876.169411
2019-03-28,197.5,200.55,196.75,199.15,198.95,1586111,3155.141236
2019-03-27,196.5,200.2,195.1,196,196.6,1962815,3889.328253
2019-03-26,195.65,197.5,194.05,196.1,196.05,1154541,2260.552495
2019-03-25,195,199.5,193.6,196,196.65,1658129,3260.188741
2019-03-22,199.3,201.85,195.2,195.9,195.75,1298095,2577.206071
2019-03-20,203.85,204,197.15,198.5,198.1,2158406,4322.105954
2019-03-19,200.55,205.5,200.3,202.55,203.3,1792277,3651.587314
2019-03-18,204.9,205,198.55,200.6,200.25,1608207,3229.162206
2019-03-15,207.4,208.6,202.35,203.4,203.2,2025761,4153.117501
2019-03-14,204,211.8,203,206.5,206.2,6563662,13641.05962
2019-03-13,205.95,208.75,202.25,203,202.85,2690181,5545.684969
2019-03-12,204.45,206.2,203.15,204.75,204.9,1991333,4072.17583
2019-03-11,192.05,203,192.05,203,202.5,3592265,7180.130158
2019-03-08,196,197.6,192.6,193.3,193.2,1542933,2998.165979
2019-03-07,198.8,199.9,196.15,196.9,196.6,933729,1844.418023
2019-03-06,198.5,203.25,196.1,198,197.95,1716592,3426.100131
2019-03-05,197.6,199.9,196.6,197.4,197.55,1910560,3783.858574
2019-03-01,194,197.85,193.2,197.45,197.3,1292085,2531.329763
2019-02-28,192.4,195,191.55,193.95,193.7,1090108,2110.107577
2019-02-27,192,195,190.1,191.75,192.7,1816786,3506.563799
2019-02-26,189.75,192.25,185.35,191.5,191.65,1271388,2412.75647
2019-02-25,190.1,193.2,188.55,190.55,191.1,1373833,2625.366867
2019-02-22,190,192.05,188.05,190.25,189.25,1243941,2359.331292
2019-02-21,188,194.9,187.55,191.3,190.65,2511829,4838.502226
2019-02-20,184.5,189.3,184.5,188.45,188.7,993170,1863.043471
2019-02-19,182.6,188.8,182.25,184.2,184.5,984628,1835.383571
2019-02-18,186.15,186.5,181.5,183,182.75,1026852,1879.695733
2019-02-15,191,191,184.2,185.4,186.15,1624523,3034.826033
2019-02-14,183.15,190.4,182.95,190,188.9,997833,1868.551454
2019-02-13,187,187.7,182.85,185.25,185,1618836,3000.84215
2019-02-12,179.05,189,178.6,187.3,186.55,2805228,5218.559541
2019-02-11,185.9,186,177.05,179.95,179.75,3460117,6211.559807
2019-02-08,190,191.5,184.4,185.1,185.7,1280248,2391.093146
2019-02-07,188.3,192.45,186.65,191.15,191.1,1968302,3743.800698
2019-02-06,184,189.75,178.1,188.2,188.45,3459646,6370.79804
2019-02-05,198.5,200.05,179.3,185.65,185.95,8331711,15729.61824
2019-02-04,203.5,204.45,198,199,199.85,1115503,2237.628992
2019-02-01,203.8,207.8,201.65,205.2,204.1,948332,1942.753446
2019-01-31,205.8,206,200.8,202.85,203.8,2584783,5260.192858
2019-01-30,203.75,206.55,201.9,205.8,204.5,1407845,2872.177229
2019-01-29,210,210.4,202.2,206,204.85,1325502,2720.516876
2019-01-28,207,210.3,201.35,209,209.25,1629992,3375.61467
2019-01-25,211,212.05,206.05,207.5,207.05,1723705,3602.788648
2019-01-24,212.1,212.65,209.45,210.8,210.8,1059068,2232.244925
2019-01-23,211.5,214.8,210,211,210.6,937183,1986.960505
2019-01-22,209.7,212.55,209.2,212.2,212.1,682384,1439.8273
2019-01-21,216.2,216.95,210,210.1,210.5,1005521,2132.247222
2019-01-18,218.4,218.5,213.7,215.85,216.25,771653,1663.792891
2019-01-17,216.5,218.75,215.05,218,218.15,1267904,2751.393018
2019-01-16,214.4,219.2,213.85,216.8,216.45,1088457,2365.849163
2019-01-15,213.1,215.25,212.6,214.5,214.3,649313,1390.581644
2019-01-14,211.75,214.25,209.65,212.55,213.5,1036107,2197.018491
2019-01-11,214,215.25,211.3,211.85,211.9,698106,1483.711019
2019-01-10,212.05,215.2,212.05,213.2,214.15,715378,1530.56066
2019-01-09,216,216.7,210.65,212.55,212.6,908322,1936.882859
2019-01-08,214.6,216.15,212.7,215.35,215.15,590293,1267.531631
2019-01-07,214.6,216.95,214,214.75,214.95,871903,1879.166432
2019-01-04,210.6,214.9,210,213.5,213.8,1213181,2583.053817
2019-01-03,214.95,215.35,209.9,210.55,210.05,2096553,4433.501646
2019-01-02,219,220.35,213.6,214.2,214.6,1081778,2340.310312
2019-01-01,219.95,221.05,218.05,218.95,219.1,716275,1571.625305
2018-12-31,222,223.65,218.85,219.55,219.4,965858,2131.089435
2018-12-28,221.75,223.3,219.55,220.75,220.8,2263147,5006.858654
2018-12-27,221.8,224.9,215.2,220.1,220.05,9509683,20912.50236
2018-12-26,220.4,220.4,212.4,217.95,218.55,1598566,3456.424332
2018-12-24,215.55,224,215.4,219.05,219.05,5808490,12802.56837
2018-12-21,211,219.6,210.8,215,215.4,5654362,12257.26966
2018-12-20,209.5,213.1,208.6,210.15,210.2,1263237,2658.48532
2018-12-19,210.6,214.65,209.55,210.1,210.15,2459567,5205.183288
2018-12-18,209.8,213.5,208.95,211,210.1,1395195,2942.031539
2018-12-17,212.8,213.4,209.5,210,210.05,1303397,2740.807951
2018-12-14,212,213.35,210,213.3,212.35,860565,1822.862813
2018-12-13,213.35,215.7,210.25,212.9,212.4,1196911,2552.822301
2018-12-12,203.15,213.9,203,212.65,212.95,1755046,3695.143146
2018-12-11,195,203.8,195,202.85,202.85,1818568,3635.485151
2018-12-10,203,209.6,197.05,197.05,198.2,2514120,5133.758379
2018-12-07,208.55,209.5,203.3,206,206.55,1422582,2928.978321
2018-12-06,210.5,211.65,207,207,208.15,1270790,2650.418763
2018-12-05,209,212.5,205.4,212,211.7,3055629,6417.64733
2018-12-04,214.75,216.75,208.8,210.15,209.5,1908684,4030.388433
2018-12-03,218.5,219.2,214.3,215.15,214.75,1099033,2373.581016
2018-11-30,216.25,220.6,216.25,217.65,218.65,1044674,2282.886477
2018-11-29,217,220.65,213.9,218.5,218.75,2173966,4728.624165
2018-11-28,217.4,221.45,215.2,215.65,216,977424,2130.785161
2018-11-27,218.95,219.95,214,217.75,217.75,1863491,4039.513647
2018-11-26,217.45,218.9,213,218.1,217.65,1452206,3133.196014
2018-11-22,219,219.7,214.8,215.75,215.9,967411,2099.533072
2018-11-21,215,220.45,215,219.85,219,1168853,2552.749674
2018-11-20,223,224.85,215,215,215.95,913551,2003.20604
2018-11-19,222,225.5,221.5,224.1,224.15,904579,2022.98788
2018-11-16,221.5,224.25,218.55,222.3,221.8,817962,1811.945329
2018-11-15,217.95,222.5,216.7,221,221.45,1146455,2527.505387
2018-11-14,220.55,221.45,216.5,217.45,217.4,1316163,2870.511725
2018-11-13,214,221.2,211.8,221,219.95,1773622,3832.091561
2018-11-12,211,217,210.2,214.7,214.7,2554231,5466.233194
2018-11-09,215,215.6,208.55,211.5,209.5,3291284,6959.988564
2018-11-07,215,216.55,214.8,215.2,215.2,180558,388.735415
2018-11-06,220.75,221.75,213.15,213.5,213.8,1114288,2413.571998
2018-11-05,217.5,221.35,217.05,219.75,219.85,977010,2140.780493
2018-11-02,220,223.5,216.9,217.75,217.65,1701852,3762.469258
2018-11-01,218,220.5,216.4,217.15,217.75,2117862,4624.437605
2018-10-31,218.2,220.9,205,216.8,217.85,9609975,20657.68897
2018-10-30,220.9,228.8,219.4,227.95,227.3,2230812,5011.423011
2018-10-29,217,221.45,217,220.1,220,966687,2123.068465
2018-10-26,223,223,215.75,216.9,217.6,1254856,2749.984951
2018-10-25,217.9,224.7,216,224.4,222.1,3288126,7281.520003
2018-10-24,220.1,221.25,217.05,219.55,219.8,2171956,4771.336709
2018-10-23,221.1,222.2,214.75,219.55,218.3,1416279,3092.152368
2018-10-22,229.45,231.6,222,223.05,223.25,3529711,8028.370925
2018-10-19,230.3,232.7,225.5,227.75,227.2,1527904,3490.780893
2018-10-17,237.7,240.8,229.45,231.3,231.1,2945914,6961.648711
2018-10-16,237.1,237.7,233.05,234.4,235.45,1723113,4052.251088
2018-10-15,229.7,237,226.8,234.8,234.9,1224339,2845.68246
2018-10-12,226.25,232.35,225.5,228.7,229.1,1165527,2675.909812
2018-10-11,215,229.7,215,225.6,224.6,1293881,2890.851986
2018-10-10,215,229.65,215,228.25,228.4,2919278,6557.949115
2018-10-09,215.5,219.15,209.6,215,216.5,1844462,3940.698586
2018-10-08,208,222.25,206.85,216,215.15,4642146,10062.82593
2018-10-05,217,218.6,205.9,210.25,209.2,3519515,7407.055309
2018-10-04,223.5,227.8,216.15,217.25,218.2,1728786,3815.788003
2018-10-03,230,237.5,225.75,226.45,227.6,1708590,3960.26886
2018-10-01,234.55,234.6,221.05,230.3,230.9,1534749,3486.048414
2018-09-28,234.05,235.95,230.2,233.5,233.75,3069914,7162.3488
2018-09-27,234.55,236.8,231.1,233.8,233.25,5082859,11859.94821
2018-09-26,240,240,232.5,235,234.25,2240909,5248.59988
2018-09-25,233.3,236.75,232,236.25,236.1,2349368,5503.895805
2018-09-24,233.55,239.2,230.75,234,233.3,3423509,7999.548444
2018-09-21,235,237,227.95,233.75,234.6,5395319,12589.59127
2018-09-19,235.95,237.2,233.45,234.6,234.9,1362058,3202.778609
2018-09-18,237.9,239.25,233.5,235.5,235.05,2614794,6163.697683
2018-09-17,233.15,238,230.25,236.4,236.6,3170894,7445.409882
2018-09-14,223.45,236.7,223.3,234,233.95,6377909,14784.49794
2018-09-12,216.35,223.7,212.65,221.65,222.65,4570939,10002.00775
2018-09-11,222.5,225.4,214.85,216.35,216,3508990,7735.813839
2018-09-10,222.5,235.15,220.65,221.05,222,7514106,17130.28588
2018-09-07,221,224.5,219.1,223.15,222.95,1232507,2742.844916
2018-09-06,224,225,218.2,220.95,221.05,1738824,3856.717743
2018-09-05,222,224.6,215.2,222.1,222.4,3023097,6674.932341
2018-09-04,238.2,238.2,222.6,223.45,223.7,3554859,8163.816045
2018-09-03,236,243.55,235.05,236.85,236.7,5242852,12538.38632
2018-08-31,237,239.75,232.95,234.65,234.3,3353833,7913.212978
2018-08-30,235.35,237.3,232.1,237.3,236,1921327,4516.570075
2018-08-29,233.85,237.7,232.7,234.2,234.55,1394661,3280.326417
2018-08-28,237,239.3,231.3,232.9,233.35,2374782,5571.774703
2018-08-27,231.8,239.35,231.05,236.8,237.05,1990020,4689.93512
2018-08-24,234.5,237.2,230.2,231.5,231,1838417,4289.350975
2018-08-23,240.3,240.6,233.1,235.5,235.45,1553953,3662.360058
2018-08-21,246.9,246.9,239.25,240.9,240.55,3272005,7941.401133
2018-08-20,244,247,243,244.7,245.15,1690225,4141.833898
2018-08-17,240.8,244.5,239.2,242.7,243,2838238,6885.516237
2018-08-16,236.05,242,235.95,240.35,239.35,2551480,6106.809469
2018-08-14,235,238.5,235,237.4,237.55,1885288,4459.95955
2018-08-13,233,236.45,232.25,235.2,234.55,1948583,4573.567554
2018-08-10,237.3,237.95,231.1,233.65,233.55,2035594,4757.481854
2018-08-09,236.65,239.85,235.3,237.25,237.3,1127248,2676.632322
2018-08-08,237.25,240.5,235.05,236.35,236.35,1807313,4305.391716
2018-08-07,241,241.55,235.3,237.5,237.6,1963538,4677.577673
2018-08-06,235.15,240.45,234.15,240,239.5,2560616,6080.868154
2018-08-03,236,239,232,235.2,234.65,3357945,7893.323848
2018-08-02,232.5,238.05,230.4,235,235.45,5700851,13328.52103
2018-08-01,248.7,254.95,234.35,235.1,235.65,13272609,32325.5623
2018-07-31,243.4,249.65,241.5,247.1,246.9,4422342,10917.34426
2018-07-30,243.7,247,240.9,243.65,242.2,1867720,4544.834933
2018-07-27,241,243.95,239.15,242.5,242.25,1581985,3821.967337
2018-07-26,235.9,242.95,234.5,239.5,239.1,3996921,9565.095679
2018-07-25,248.5,248.5,235.8,236.05,236.9,2310430,5596.444663
2018-07-24,244,249.2,241.9,246.3,246.3,2278457,5607.303856
2018-07-23,238.9,244.25,235.25,243.05,243.3,2351769,5645.478867
2018-07-20,231.25,240.95,231.25,238.9,238.6,3003282,7143.474493
2018-07-19,239.7,243.3,228.6,232.5,233.1,4223216,9934.059835
2018-07-18,248.4,249.6,232.7,238.1,238.65,3343525,8021.219216
2018-07-17,241.55,251.85,240.3,247.5,247.9,3158004,7794.771157
2018-07-16,257.9,257.9,242.1,243.9,243.25,3454849,8566.752749
2018-07-13,265,265.75,257.55,258.3,258.9,3357333,8804.566048
2018-07-12,270.4,272.45,264.35,264.5,265.2,2250217,6045.366031
2018-07-11,274.8,275.45,267.45,270,269.8,1407688,3811.570066
2018-07-10,275.9,277.8,272.55,274.55,274.75,1284523,3532.625954
2018-07-09,268.25,276.2,267,275.3,275.25,2267486,6168.098134
2018-07-06,269.8,273.25,265.7,266.2,266.3,2022333,5443.53253
2018-07-05,277.45,282.4,270,271.8,271.25,2338411,6459.013549
2018-07-04,281,281,275.35,277.7,277.3,3598212,9999.818703
2018-07-03,264.5,284.5,262.7,280.1,281,6676660,18483.40765
2018-07-02,271,273.1,263.25,264.5,264.45,3661633,9740.900958
2018-06-29,262.7,270.15,262.7,269.2,269.35,2077927,5519.015652
2018-06-28,263,268.25,261.45,265.05,263.95,4511203,11917.49698
2018-06-27,265.1,268.4,261.2,263.15,265.6,2234204,5905.045512
2018-06-26,264.8,269.7,263.3,264.6,267.35,2208389,5886.60601
2018-06-25,260.1,266.95,260.1,264.55,264.5,2103452,5563.816389
2018-06-22,257.9,263.55,256.45,261.95,262.1,2459832,6442.713885
2018-06-21,258.05,262.35,255.5,258.15,258.2,3020580,7806.402229
2018-06-20,263.7,264.75,257,260.55,260.85,3367252,8755.178921
2018-06-19,274.65,274.65,266.05,267,267.05,6224725,16640.21186
2018-06-18,271.55,276.85,269.15,274.9,275.35,1541522,4214.241437
2018-06-15,279.15,281,271.45,272.2,272.15,3133233,8614.033435
2018-06-14,269.8,278.75,268.2,278,277.8,3646744,10067.32235
2018-06-13,267,270.5,265.35,270,269.6,1232644,3311.866414
2018-06-12,262.75,268.4,262.75,267.2,267.6,1206633,3209.398304
2018-06-11,265.6,271.25,262.7,263.25,263.7,3538690,9470.297777
2018-06-08,263.7,269.35,263.55,266.7,266.95,1104173,2945.637714
2018-06-07,266.9,269.7,263.3,267,267.1,1527128,4075.261828
2018-06-06,262.75,266.7,260.35,265.55,265.75,2052017,5408.380708
2018-06-05,255.5,264.7,254.8,264.2,263.75,4208120,11030.56172
2018-06-04,265,265.4,253.5,255.5,255.25,1819147,4706.538635
2018-06-01,269.7,269.7,258.55,265.1,263.25,2622839,6920.490539
2018-05-31,267,272,260.7,269.05,269.2,3469905,9239.617993
2018-05-30,254,266,253.2,265.7,264.5,4154146,10876.90304
2018-05-29,257.4,262.7,257,257.9,257.5,2235734,5803.907552
2018-05-28,254.7,262.2,254.65,260.7,260.65,2649349,6862.751943
2018-05-25,252.2,259.4,252.2,258.5,257.85,2071496,5324.078079
2018-05-24,251,255.5,247.3,255,254.5,2921253,7380.236324
2018-05-23,246.5,252.35,245.55,250,250.2,4295785,10726.50397
2018-05-22,244,251.1,244,247.6,247.15,3175432,7874.045034
2018-05-21,244.1,248.35,240.55,244,243.55,3180360,7762.714725
2018-05-18,248.3,248.95,243.35,245.1,244.7,3297714,8103.64981
2018-05-17,243.5,249.3,242.5,247.5,247.5,7108750,17573.66362
2018-05-16,240,245.6,237.25,241.4,241.1,6328483,15295.86647
2018-05-15,256.45,259.5,240.75,242.45,242.65,9298329,23074.67788
2018-05-14,280,281.35,251.85,257,255.9,16822847,43913.37498
2018-05-11,284.4,290.5,284.4,287,287.5,1974327,5685.223731
2018-05-10,292.95,293,283.45,284.15,285.25,1446384,4157.174676
2018-05-09,289.6,294.35,288.6,292,292,1820409,5310.999282
2018-05-08,296,296.2,287.25,289.5,289.7,1720983,4998.869461
2018-05-07,288.8,295.5,287,295.05,294.2,1848551,5387.461518
2018-05-04,287.05,291.5,282.3,287.9,287.8,1399442,4014.097261
2018-05-03,292.75,292.75,283.1,286.45,286.65,2561225,7355.628479
2018-05-02,297.4,300,289.4,293,292.75,1857277,5479.596004
2018-04-30,293.9,298.5,292.05,297.85,297.55,3046154,9025.865192
2018-04-27,293.45,294.4,291.05,291.4,292.1,1858644,5443.936963
2018-04-26,292.5,293.65,288.75,291.2,291.2,4942803,14401.34982
2018-04-25,283.05,291.25,282.05,289.1,289.1,4804882,13808.09023
2018-04-24,283,288,281.8,283.7,283.15,2131466,6075.19786
2018-04-23,287.7,287.8,282.65,283.2,283.6,1687369,4794.163824
2018-04-20,285.95,288.8,283.65,286,286.3,2523492,7225.360875
2018-04-19,286,288.65,283.6,285.55,286.2,2434183,6966.564995
2018-04-18,282.3,287.45,279.25,285.35,284.1,4719061,13416.31883
2018-04-17,282,285.25,277.5,280.6,280.95,5799262,16355.69484
2018-04-16,274,280.2,272.55,279.4,279.65,3030999,8371.236521
2018-04-13,274,277.35,271.75,275.7,275.5,2196800,6024.343568
2018-04-12,273.9,277.8,271.65,273.9,273.85,2149205,5896.210113
2018-04-11,276.1,276.35,271.5,273.85,273.85,1996390,5454.473598
2018-04-10,280.2,280.7,274.1,275.8,275.5,2190930,6065.358569
2018-04-09,275,281.65,273,276.75,277.8,4623765,12889.29085
2018-04-06,274.8,275.65,271,272.7,272.7,1852060,5047.576773
2018-04-05,274.55,277,271.5,273,273,2658707,7260.794496
2018-04-04,276.7,279.05,269.55,270.15,270.25,3283985,8975.76866
2018-04-03,276,277.55,271.7,275.3,274.8,2613360,7162.950924
2018-04-02,259.35,278.4,259.35,277.45,276.95,6610831,17918.02099
2018-03-28,261.25,264,257.5,259.15,258.75,2283408,5951.176812
2018-03-27,264,265.75,260.75,264,263.8,3071911,8092.828563
2018-03-26,258.05,263.5,253.7,263.45,262.2,2440719,6332.925683
2018-03-23,251.05,258.9,250,258.2,257.9,2297852,5859.449954
2018-03-22,264.65,264.65,257.6,259.1,258.85,1681596,4369.464704
2018-03-21,265.3,266.3,262.15,262.9,263.2,1477158,3901.514365
2018-03-20,259.7,263.65,255.1,263.3,262.05,2855717,7453.213533
2018-03-19,272.6,273,258.35,260.65,260.6,3665423,9640.914239
2018-03-16,280.8,282.7,271.05,272.55,272.4,2762357,7633.857506
2018-03-15,278,284.4,277.25,279.55,279.6,2877987,8081.814111
2018-03-14,275.25,281.25,275.25,279,278.5,2056369,5729.135685
2018-03-13,278.05,281.3,273.2,278.2,278.2,3095190,8590.74538
2018-03-12,270,276.65,269.7,276,276.05,2583575,7052.023161
2018-03-09,275.9,275.9,266.6,268.5,268.35,1614381,4376.164588
2018-03-08,270.5,274.2,265,273.15,273.4,2246589,6068.798928
2018-03-07,272,274.45,265.15,268.9,268.9,4847214,13070.84187
2018-03-06,276.7,283.1,271.45,272.5,274.15,6601857,18367.88956
2018-03-05,274.8,276.95,270.55,276.6,275.65,4680138,12811.25361
2018-03-01,275,277.35,274.1,275.45,274.85,2322191,6392.672153
2018-02-28,273,277,272,275.4,275.5,2808234,7727.140446
2018-02-27,275,279.7,273.1,275.4,275,4778178,13208.64843
2018-02-26,273.55,274.8,271.55,274.8,273.5,3672359,10027.43304
2018-02-23,264.2,271.9,263,271.2,270.7,3895920,10479.22991
2018-02-22,265.95,269.9,261.1,262.9,262.15,5466484,14389.22299
2018-02-21,265,268.85,262.2,266.5,266.6,3638163,9678.531195
2018-02-20,268.7,274.2,261.65,263,262.85,5120799,13695.83446
2018-02-19,277,277.05,263,269,267.95,2620461,7022.817457
2018-02-16,280.25,282.75,274.2,275.5,275.6,1925414,5331.065931
2018-02-15,284.35,285.25,276,279.85,279.05,1807307,5082.78773
2018-02-14,287.95,289,280.9,281.5,281.95,2455660,7003.263887
2018-02-12,282.4,289.6,279.7,284.25,285.1,4583181,13079.38803
2018-02-09,271.1,279.8,271.1,278.65,278.25,3121544,8655.432166
2018-02-08,282,286.5,276.1,280.4,280.45,5863983,16553.8405
2018-02-07,270,284.4,270,279.65,280.15,8055761,22500.69122
2018-02-06,259,270.3,253.25,266,266.7,7044561,18431.55003
2018-02-05,265.1,276.9,255.15,275.5,273.1,6833906,18386.98567
2018-02-02,284,285,260.25,274.6,274.85,6697007,18375.08497
2018-02-01,290.25,294.9,278.6,289.55,288.35,4593306,13229.01427
2018-01-31,302.9,303.7,286.1,291.15,290.65,5397599,15929.24778
2018-01-30,300.95,307.3,299.45,304,304,2590100,7871.397692
2018-01-29,305.25,306.8,300.7,301.3,301.8,1806919,5489.768002
2018-01-25,304,311.25,301.65,305.3,304.25,3631793,11123.41452
2018-01-24,306,310.7,302.8,303.7,304.25,2154759,6585.367231
2018-01-23,310.7,310.7,304.05,307.7,307.2,4416130,13560.72223
2018-01-22,307.05,314.95,306.6,309,308.85,3278437,10171.94251
2018-01-19,306,310,300.95,309.9,308.35,3653286,11183.30554
2018-01-18,315.05,315.75,301.4,304.5,305.45,3408593,10502.65144
2018-01-17,313.85,317,307.55,314.05,313.55,3742677,11717.45506
2018-01-16,323,326.9,311.45,317.6,316.4,4683847,14922.72143
2018-01-15,327.7,328.75,321.65,323.7,323,4519030,14701.50829
2018-01-12,315.05,328.35,315,325.95,325.75,14484043,46643.39299
2018-01-11,314,316.7,311.8,313.1,313.3,3481728,10911.98833
2018-01-10,315,319.1,312.55,314.25,314.1,2517494,7944.491702
2018-01-09,317.6,319.65,314,314.7,315.3,2411068,7628.801549
2018-01-08,314.65,319.2,312.2,317.45,317.6,2171903,6855.322162
2018-01-05,312.3,315.85,310.35,312.85,312.95,1896601,5938.156382
2018-01-04,312,313.5,307.25,312.3,312.25,2703849,8380.411786
2018-01-03,311.9,315.15,310.15,310.95,311.2,2073353,6469.92287
2018-01-02,314.3,314.95,307.55,310.7,311.15,2014415,6252.420021
2018-01-01,317.75,317.8,311.8,313.45,312.9,1602814,5040.753913
2017-12-29,308.05,318,306.35,316.05,316.4,6874520,21586.26417
2017-12-28,306.5,309.3,303.55,306.8,306.6,4620000,14164.22107
2017-12-27,305.5,308.8,302.5,305.65,305.55,3315278,10164.50812
2017-12-26,303.7,307.7,300.55,305.5,305.95,3956481,12073.55386
2017-12-22,301,306.35,299.7,302.8,302.75,4703911,14271.47321
2017-12-21,302.25,303,298.15,300.2,300.15,2280137,6845.563983
2017-12-20,301,303.8,297.75,302,300.85,4692403,14149.91661
2017-12-19,292,301.45,291.7,300.7,300.65,8383608,24973.97044
2017-12-18,280,293.95,275.1,291.6,290.85,5912782,17013.96782
2017-12-15,289,289.95,286.15,287.1,286.85,3036814,8735.385631
2017-12-14,288,288.25,279.2,284.5,284.3,5575066,15810.92981
2017-12-13,290,292.5,282.2,284.8,284.45,6799578,19574.90771
2017-12-12,298.6,298.6,286.65,287.45,287.8,6874578,20150.21819
2017-12-11,290,299.55,285.9,297.85,298.35,8045275,23729.26523
2017-12-08,287.55,289.9,285.05,288.05,288.45,4297335,12354.21322
2017-12-07,276,284.85,275.65,284.8,284,3820082,10662.5993
2017-12-06,278.9,282.95,273.6,275.3,274.95,4358618,12100.11336
2017-12-05,279.4,283.75,278.15,280.4,279.95,4876970,13694.43662
2017-12-04,285,286.5,276.4,280.3,279.05,5784862,16212.96699
2017-12-01,288.45,293.6,282.6,284,283.55,7150041,20637.3337
2017-11-30,278.9,292.2,277.55,288.1,287.1,9944314,28436.36334
2017-11-29,287.3,290.65,278.3,279.05,280.2,6464166,18367.29041
2017-11-28,277,289.8,276.5,287.2,287.75,11258640,32227.87475
2017-11-27,277.5,278.4,274.3,277.75,277.45,2208868,6106.047912
2017-11-24,275.05,280,275.05,277.2,278.7,3855810,10704.90946
2017-11-23,273.15,276.95,270.5,276.25,274.8,3371088,9240.307507
2017-11-22,273.5,275.85,267.75,275,274.05,5015906,13645.79009
2017-11-21,275.9,280.75,271.15,273.5,273.15,12063135,33327.37246
2017-11-20,261.15,276.25,259.25,275.15,274.9,13458563,36047.39362
2017-11-17,252.25,260.8,250.8,258.95,259.9,6857865,17611.62998
2017-11-16,254,254.65,247.2,251.25,251.95,6292626,15781.35409
2017-11-15,237.9,253.35,237.9,252.15,250.9,17805319,44321.85617
2017-11-14,234.7,248,228.4,246.4,246.7,15847309,37901.49369
2017-11-13,236.3,239.8,232.85,233.95,234.4,2923051,6914.922865
2017-11-10,240.7,244,234.65,236.3,236.15,7726311,18509.13276
2017-11-09,225.8,241.6,225.3,239.85,240.45,11299727,26521.92992
2017-11-08,226,228,222.55,225.4,224.5,3299527,7424.32124
2017-11-07,235,235.5,221.3,225,225,5306883,12105.05256
2017-11-06,224.9,236.9,224,234.45,234.7,6994467,16298.61618
2017-11-03,227,227.9,224.35,225.5,225.3,1920643,4331.70014
2017-11-02,227.9,231.25,223.4,226.95,226.35,7866167,17834.15886
2017-11-01,226.95,231.4,226.35,228,227.8,3608627,8238.834037
2017-10-31,226.95,228.25,223.15,227.5,226.95,5175219,11696.96206
2017-10-30,225,230.25,222.5,226.5,226.8,13953152,31569.50871
2017-10-27,211.3,221.8,209.75,221.7,220.5,8891566,19257.33476
2017-10-26,204.95,210.85,203.4,209.7,209.8,4964383,10341.96686
2017-10-25,211,211.5,203,205,205.3,2640192,5437.305268
2017-10-24,204,210.25,203.55,209.7,209.65,3568231,7402.196373
2017-10-23,205.5,207.45,202.6,203.75,203.1,2952899,6030.300021
2017-10-19,207.9,207.95,203.7,203.85,204.6,532661,1095.729212
2017-10-18,211.45,211.45,205.6,207.5,206.8,4687271,9730.604039
2017-10-17,210.4,213.35,209.05,210.55,210.3,3269191,6898.790702
2017-10-16,210.3,211.85,207.1,209.4,209.6,2658347,5563.399212
2017-10-13,211,214.2,209.25,210,210.25,3171251,6713.261723
2017-10-12,211,212.9,208,212,212,3902627,8224.133054
2017-10-11,209.45,216,205.6,209.75,209.4,6891689,14629.37778
2017-10-10,209.5,211.15,207.7,208.5,208.45,2125747,4448.795604
2017-10-09,209.65,211.35,207.65,208.25,208.3,1653094,3454.215693
2017-10-06,210,212.25,208.65,209.6,209.6,2534607,5332.718101
2017-10-05,204.95,210.55,204.55,210.5,209.45,2228532,4637.193163
2017-10-04,207.3,207.7,203.15,205.7,204.95,1964885,4032.276849
2017-10-03,207.25,210.55,205,206.85,206.45,1985873,4118.572386
2017-09-29,204.5,209.9,203.4,206.6,205.8,3721338,7700.439154
2017-09-28,199.05,204.5,198.7,204,203.15,4602566,9312.653645
2017-09-27,206.5,207,196.65,198.5,198.6,3331256,6727.728048
2017-09-26,196,206.45,195.3,204.95,204.65,5546594,11185.4954
2017-09-25,201.45,202,192.3,197,196.65,4019965,7877.386504
2017-09-22,211,211,200,201.2,201.15,3851873,7911.128271
2017-09-21,214,214.8,207.3,213.5,212.2,2914695,6159.434636
2017-09-20,216.4,216.85,213.1,213.65,213.7,2906933,6234.526397
2017-09-19,213,220.2,212.85,216.4,216.2,9580786,20840.29049
2017-09-18,212.65,215,210.7,213.45,213.3,2491966,5303.918807
2017-09-15,211,213.7,208.85,210.1,210.55,2608124,5500.509191
2017-09-14,208.5,213.8,207.35,212.5,212.05,2980684,6266.226373
2017-09-13,214.65,214.95,206.2,208.8,207.3,4637092,9768.640862
2017-09-12,212,213.65,210.15,211.7,212.05,4884083,10349.32238
2017-09-11,209.2,211.05,207.3,209.4,209.25,3393087,7098.118167
2017-09-08,206.1,210.8,205.45,206.55,206.9,6430260,13393.1034
2017-09-07,207.95,209.3,204.8,205.4,205.75,5862028,12129.81511
2017-09-06,195.1,207.2,194.6,206.5,205.95,14490021,29584.23754
2017-09-05,194.3,197.4,193.3,197.15,196.7,3442385,6738.892363
2017-09-04,198,198.4,190.5,193.3,193.3,4372250,8461.604136
2017-09-01,198.25,200.65,196.3,197.8,197.6,3401210,6743.589736
2017-08-31,198.5,200.7,196.1,198.2,198,7760949,15413.60283
2017-08-30,193,198.15,192.35,197.5,197.05,7173447,14034.73791
2017-08-29,192.95,197.5,189.35,190.55,190.35,5679382,10969.25469
2017-08-28,195,196.3,192.05,193.9,193.3,3684762,7147.519609
2017-08-24,197.3,198.3,193.7,194.2,194.25,4587179,8960.233144
2017-08-23,191.5,197.45,189.15,196.75,196.55,7522673,14522.9026
2017-08-22,197.15,199.5,188.85,190.6,189.85,7466196,14417.10427
2017-08-21,196.65,203,194.4,196.5,196.15,15744338,31403.66892
2017-08-18,189.8,196.4,188.05,195.7,194.4,10030010,19308.68727
2017-08-17,194,197.4,189.8,190.9,190.6,10381703,20050.08584
2017-08-16,182.5,196.75,181.5,194,193.85,29191015,55755.07594
2017-08-14,166,180.3,165.1,177.3,178.75,9368807,16312.72981
2017-08-11,155.1,164.8,152.05,163.4,164.2,6027593,9628.508735
2017-08-10,161.85,163.5,153.2,157.3,156,2470478,3921.41602
2017-08-09,165.5,166.9,160.45,161,162.1,1267995,2082.826239
2017-08-08,171.8,171.8,165.6,166.25,166,2372930,3988.91024
2017-08-07,167,171.7,167,170.5,170.45,2548868,4339.354206
2017-08-04,164.7,167.6,163.85,166.35,166.45,2298689,3815.790616
2017-08-03,165.95,169.4,164.5,167,166.65,2895078,4845.255528
2017-08-02,168,168.55,164.2,164.85,165.1,2009220,3334.753164
2017-08-01,171,171.75,166.75,167.8,167.5,2140964,3622.903677
2017-07-31,169.5,172.4,168.35,170.1,169.55,1896521,3230.498773
2017-07-28,167.9,170.65,166.85,168.85,169.15,2290563,3860.481544
2017-07-27,173.85,173.85,167.7,168.4,168.4,2370296,4031.92237
2017-07-26,172,175.35,170.75,172.35,172.2,3803339,6583.981581
2017-07-25,170.5,172.25,169.2,171.7,171.15,2103806,3600.420511
2017-07-24,172.2,174.3,169.45,170.4,170,2636591,4536.300817
2017-07-21,171.9,173.85,169.7,172.5,172.2,4670938,8039.920906
2017-07-20,175.4,176.25,170.3,171,171.3,2791324,4827.352488
2017-07-19,173.8,177.4,173.7,175.1,175.15,4161102,7313.987352
2017-07-18,176.1,178.7,173.05,173.95,173.75,3264325,5734.232578
2017-07-17,174.25,179.3,172.6,176.95,177,4882663,8646.000761
2017-07-14,175.9,175.9,172.05,174.25,174.2,2831387,4932.132518
2017-07-13,175.35,176.7,171.2,174.75,175.4,5222043,9084.434575
2017-07-12,171.05,174.8,169,173.35,173.75,10623109,18368.34422
2017-07-11,167.05,172.8,167.05,169.25,169.5,12571250,21392.59397
2017-07-10,159,167.85,157.1,167.2,166.55,4761386,7866.07936
2017-07-07,153.15,158.9,153.1,157.65,157.75,6442241,10106.02079
2017-07-06,156.5,157.8,152.75,153.25,153.35,4873097,7546.369612
2017-07-05,151.5,157.1,150,156.3,156.15,5849123,9038.877759
2017-07-04,153.7,154.15,149.75,150.1,150.05,3080845,4670.919846
2017-07-03,152.5,155.65,150.75,151.65,151.6,8680232,13243.65484
2017-06-30,148,151.7,147.1,150.5,150.65,1854572,2787.015361
2017-06-29,149.95,151.7,147.9,149.5,148.5,2280933,3427.426597
2017-06-28,147.25,150.2,146.4,149,149.15,2135161,3171.416177
2017-06-27,151.15,151.95,145.75,147.4,147.35,1465569,2168.844235
2017-06-23,154.6,155,149.8,151.3,151.15,1980476,3003.788951
2017-06-22,157,158.6,154,154.2,154.75,2216575,3452.474639
2017-06-21,156.8,159.4,156.05,156.65,156.8,2770731,4366.894486
2017-06-20,156.75,158.65,155.55,156.6,156.85,1212404,1905.11888
2017-06-19,159,159.55,155.9,156.3,156.4,1362450,2137.507078
2017-06-16,159.95,161.8,157.7,157.8,158.2,1968954,3144.413267
2017-06-15,158.45,162.75,157.6,158.75,159.1,3647423,5845.752721
2017-06-14,156.95,160.45,155.05,158.15,158.45,4815053,7637.529794
2017-06-13,152.45,157.7,151.7,155.75,156.45,3463217,5359.775904
2017-06-12,153.5,154.5,151.75,151.8,152.1,1438107,2198.667993
2017-06-09,154.9,155.65,152.8,154,154.4,1319642,2033.520983
2017-06-08,155.1,156.9,153.4,154.2,154.6,1479812,2293.755995
2017-06-07,152.65,156.4,152.4,155.1,155.55,1943703,3006.857492
2017-06-06,155,155.65,152.2,152.5,153,1290705,1983.003429
2017-06-05,155.05,156.5,152.9,154.8,154.95,1647207,2549.947487
2017-06-02,153.1,158.35,152.15,154.6,154.85,3603942,5621.365032
2017-06-01,148.35,154,148.25,153.05,152.4,2952069,4485.212116
2017-05-31,148.55,151,147.55,149.7,149.4,3325237,4964.885762
2017-05-30,145,146.2,143.7,145.45,145.55,1513053,2196.492094
2017-05-29,147.2,147.5,143.9,144.9,145.4,977041,1425.462835
2017-05-26,144,147.25,143.5,146.9,146.9,1417686,2068.1368
2017-05-25,143.45,144.65,142.1,143.25,143.05,1842806,2641.77763
2017-05-24,145.2,146.1,140.2,142,141.7,1755862,2511.74983
2017-05-23,148.05,148.4,143.65,144.7,144.75,1355129,1972.126111
2017-05-22,149.8,151.15,147.2,147.95,147.8,1098727,1636.018089
2017-05-19,149.5,153.8,148.35,149.3,149.5,2744849,4157.984176
2017-05-18,152,152.6,147,147.1,147.5,1233917,1847.067433
2017-05-17,154,154.65,152.5,152.5,152.85,1161590,1779.67306
2017-05-16,154.6,155.45,153,153.85,154.45,1306020,2013.40544
2017-05-15,152.65,155,152.45,154.55,154.6,1012554,1558.957454
2017-05-12,154,154.75,151.65,152.6,152.65,940916,1435.630631
2017-05-11,155,156.2,153.2,153.75,154,589464,910.8801825
2017-05-10,154.9,156.35,153.9,154.65,154.85,1186929,1838.899279
2017-05-09,153.2,155.15,152.55,154,154.05,939148,1444.342912
2017-05-08,152.8,154.15,151.95,152.45,152.6,1239593,1897.260633
2017-05-05,156.5,156.5,151.1,152,152.3,1349536,2073.087488
2017-05-04,156.3,158.3,154.8,155,155.35,1653237,2581.071497
2017-05-03,158.85,158.85,155.55,156.25,156.2,1523044,2385.920599
2017-05-02,154.3,161.45,153.75,157.5,157.7,6827849,10835.57885
2017-04-28,153.4,154.7,152,152.8,153.1,1132516,1736.476941
2017-04-27,155,155.4,151.55,152,152.1,1388038,2122.536493
2017-04-26,152.45,156.6,151.6,154.05,153.75,4161713,6433.137333
2017-04-25,152.4,153.15,151,151.6,151.7,945527,1437.22995
2017-04-24,151,153.25,151,151.5,151.95,1079887,1642.957947
2017-04-21,153.5,153.9,149.7,151.2,151.3,1293698,1966.069279
2017-04-20,150.25,153.6,150.25,152,152.15,1540540,2346.429301
2017-04-19,147.9,150.8,147.5,150.6,150.2,1092317,1632.168124
2017-04-18,149.1,152.5,147.5,147.7,148.15,1563947,2356.029578
2017-04-17,151,151,148.55,149.05,149.45,830703,1242.123339
2017-04-13,152,153,149.8,150,150.5,1272204,1929.807001
2017-04-12,153.95,153.95,150.3,151.8,151.75,1907247,2899.596305
2017-04-11,151.5,153.75,151.05,153.7,153.4,2064221,3146.212408
2017-04-10,151.5,152.25,149.4,150.55,150.95,1857915,2800.014618
2017-04-07,152.8,154.45,150,150,150.6,1444642,2202.251113
2017-04-06,152.9,154.35,151.25,152.55,153.05,2295942,3509.667909
2017-04-05,152.8,154.8,151,152.75,152.65,2011288,3079.38269
2017-04-03,150.65,153.5,150.3,151.3,151.9,1788548,2722.962815
2017-03-31,151.45,152.1,150.1,150.5,150.55,1193137,1803.307712
2017-03-30,151.45,152.75,149.7,150,150.15,3022795,4557.841908
2017-03-29,151.7,153,149.5,150.1,150.6,2092924,3168.405421
2017-03-28,149.9,153.9,148,153,150.55,2740120,4110.54516
2017-03-27,151,151.9,148,148,148.6,2933289,4381.405926
2017-03-24,152.9,153.15,150.5,150.85,151.15,3485991,5286.280735
2017-03-23,143.9,152.5,143.2,151.7,151.6,6422298,9552.100258
2017-03-22,145.55,145.55,142.2,142.75,143.1,2306755,3313.051586
2017-03-21,147,148.45,145.1,145.6,145.9,2955856,4332.959154
2017-03-20,144.8,147.45,144.8,146.55,146.45,2675495,3920.258368
2017-03-17,145.7,145.7,142.25,144.5,144.8,1898811,2738.137662
2017-03-16,141.6,145.5,141.35,144.45,144.7,3987646,5746.463977
2017-03-15,139.6,142.1,139.3,140.95,140.9,1279451,1805.027346
2017-03-14,140.2,140.4,138.6,139.6,139.5,838219,1169.877743
2017-03-10,140.85,142.25,136.75,137.15,137.1,1671172,2322.750758
2017-03-09,140.6,142.35,140.2,140.6,140.8,1073015,1515.666555
2017-03-08,142.4,143,140.05,140.8,141.4,1103877,1561.790812
2017-03-07,143,144.15,142.2,142.4,142.75,727617,1040.716244
2017-03-06,143.95,145.2,142.1,142.8,143.25,2043052,2933.150799
2017-03-03,141.1,144.2,140.1,143.25,143.35,1672938,2381.455059
2017-03-02,145.45,145.75,140.05,141.1,141.1,1765255,2518.523362
2017-03-01,138.5,145.8,138.25,144.1,143.6,4919352,7066.19664
2017-02-28,139.15,139.85,136.75,138.15,138.05,1513693,2088.584514
2017-02-27,139,140.45,138.35,138.45,138.9,1129032,1574.64956
2017-02-23,140.05,140.9,138.7,139.1,139.25,1340126,1871.670622
2017-02-22,142.55,142.75,139.6,139.75,140,1296093,1827.193983
2017-02-21,142.15,143.2,141,141.7,141.6,1671915,2369.223946
2017-02-20,141,142.6,139.8,141.4,141.6,1517679,2144.393288
2017-02-17,140.9,141.95,139.65,139.8,140.15,952450,1341.579712
2017-02-16,139.2,140.7,138.1,140.65,140.1,942382,1314.083311
2017-02-15,140.9,142.85,138,138.4,138.75,1193620,1672.794829
2017-02-14,142.4,143.7,139.95,140.9,141.2,1395593,1978.892004
2017-02-13,144.9,146.85,141.25,141.5,141.95,2224197,3183.39238
2017-02-10,143.95,145.5,142.6,144,143.95,1367413,1969.942757
2017-02-09,146,147.15,143.05,143.75,143.9,1726818,2498.720516
2017-02-08,141.95,146.9,141.35,145.85,146.15,2162887,3121.951693
2017-02-07,142.1,145.8,140.1,141.9,141.65,2205918,3157.088146
2017-02-06,141.9,144.75,141.2,142.8,142.75,2127506,3039.126377
2017-02-03,138.2,143.9,137.1,141.55,141.85,3569132,5036.546409
2017-02-02,132.45,138.8,132.4,137.4,137.65,6652685,9084.004594
2017-02-01,129.05,130.65,127.35,129.85,130.1,1221969,1580.776509
2017-01-31,130.5,132,128.5,128.7,128.85,1614154,2100.159256
2017-01-30,129.1,131.8,128.1,130.25,130.45,1256759,1635.009344
2017-01-27,128.35,129.95,128.35,128.8,129.2,759876,982.696558
2017-01-25,129.25,129.25,127.45,128.3,128.35,909771,1166.60227
2017-01-24,128.8,128.95,126.85,128.5,128.45,996229,1272.85219
2017-01-23,127.6,128.4,126.6,127.65,127.9,746313,952.826893
2017-01-20,130.25,131.35,126,126.9,126.4,961631,1233.640224
2017-01-19,129.8,131.55,129.15,130.25,130.5,1308883,1708.017602
2017-01-18,128,130.45,127.7,128.5,128.65,1059940,1367.678586
2017-01-17,128.6,129.4,126.55,127.5,127.6,851814,1090.569812
2017-01-16,128.2,128.4,127,127.6,127.65,538746,688.0610105
2017-01-13,126.9,130.9,126.65,128.15,128.35,3617760,4668.884215
2017-01-12,128.3,128.4,124.05,124.9,125.15,1403598,1764.04945
2017-01-11,125,127.9,124.55,127.65,127.55,839283,1061.75245
2017-01-10,125.5,125.5,123.8,124.5,124.45,533212,663.161716
2017-01-09,124.75,125.5,123.95,124.75,124.75,414927,517.651274
2017-01-06,125.4,126.95,124.05,124.5,124.65,1255021,1573.668642
2017-01-05,124.75,125.65,124.55,125.3,125.2,503565,630.2320915
2017-01-04,125,126.05,123.8,124.1,124.45,656213,818.9770365
2017-01-03,122.8,125.4,122.8,124.75,124.45,580430,721.9340075
2017-01-02,122.8,124.2,121.35,123.55,123.55,1102178,1354.064331
2016-12-30,121.1,123.3,121.1,122,122,1017447,1244.543009
2016-12-29,119.6,122.15,119.6,121.3,121.1,1025503,1241.4415
2016-12-28,119.2,122,119.2,119.8,119.6,866902,1047.420119
2016-12-27,117,121.05,116.45,120.05,120.55,728501,870.7732705
2016-12-26,118.8,118.85,116.3,117.4,117,425216,498.727196
2016-12-23,119.5,119.8,118,118.7,118.85,749376,891.015315
2016-12-22,122.4,122.4,119,119.3,119.4,839802,1006.487975
2016-12-21,120.75,122.95,120.75,121.95,121.6,677057,826.4376735
2016-12-20,124.8,125,120.75,121.2,121.25,646197,790.2755955
2016-12-19,124.8,126.1,124,124.05,124.3,923038,1153.802792
2016-12-16,125,125,122.95,124,124.3,804735,997.3262065
2016-12-15,122.5,126.85,122.2,124.4,124.45,2212399,2759.520846
2016-12-14,123.85,124.8,122.4,122.95,122.75,826188,1021.864083
2016-12-13,124.05,125,123.05,123.4,123.35,502421,621.507927
2016-12-12,123.9,125,122.1,123.45,123.35,760874,942.510518
2016-12-09,124.35,124.6,123.5,123.7,123.9,920060,1141.183771
2016-12-08,123,125.1,123,123.75,123.85,1090370,1354.016571
2016-12-07,124.35,124.5,120.75,122.5,122.3,1217621,1497.387271
2016-12-06,123.8,125.25,122.8,123.6,123.4,1486818,1846.661525
2016-12-05,121.45,124.85,121.1,124,123.65,1401882,1726.866429
2016-12-02,121.5,123.4,120.3,121.7,121.55,1343432,1636.00008
2016-12-01,124.65,124.65,121.55,121.85,121.9,1205710,1487.75646
2016-11-30,122.95,124.4,122.5,123.8,123.85,1616908,1998.625923
2016-11-29,122.8,124.2,121.5,122.45,121.95,1993986,2444.390944
2016-11-28,118.55,121.8,117.5,120.75,120.95,1738935,2098.11779
2016-11-25,116,119.2,115.6,118.8,118.5,1474301,1729.499811
2016-11-24,117.65,117.65,114.5,115.2,115.1,2220419,2571.172646
2016-11-23,118.8,118.9,116.85,117.75,117.65,2170944,2551.583596
2016-11-22,117.8,118.8,116.05,117.45,117.3,3411500,3996.572983
2016-11-21,120.1,121.8,114.9,115.8,115.65,1976322,2322.625029
2016-11-18,118.9,121,118.3,120.9,120.1,2008909,2408.647869
2016-11-17,121.7,122.8,115.2,118.4,118.6,1306586,1571.342589
2016-11-16,123.1,125.3,120.4,120.8,121.3,4703414,5766.074252
2016-11-15,119.8,119.8,114.25,116.9,117,2405650,2821.053879
2016-11-11,123,125.35,117.25,119.8,118.65,3058329,3676.044988
2016-11-10,124,127.1,123.65,125.3,125.4,2170482,2726.119613
2016-11-09,118,122.9,114.95,122.3,121.9,5272740,6252.640961
2016-11-08,130,131,126.55,127.95,127.45,2758553,3546.477654
2016-11-07,127.7,130.4,127.25,128.35,128,1948286,2510.168987
2016-11-04,131,132,126,126.4,126.85,4614456,5932.758717
2016-11-03,134.1,136.25,130.8,131.5,131.35,2063211,2736.836293
2016-11-02,138,138,134.5,134.95,134.95,2026448,2751.987231
2016-11-01,139.4,140.75,138.3,138.5,138.6,1497745,2087.697024
2016-10-30,140.65,141,139,139.2,139.4,428310,598.9469435
2016-10-28,138,141.3,138,139.5,139.95,2281364,3195.538862
2016-10-27,139.5,141.2,135.65,138,137.75,8524741,11813.66489
2016-10-26,148,151.2,144.05,144.5,145.4,3586046,5290.796457
2016-10-25,149.05,151.75,148.4,149.95,150,3234883,4848.433877
2016-10-24,152.9,156,152,153.5,154.05,2715234,4200.256257
2016-10-21,152.45,154.2,151.15,151.95,152.5,1751366,2667.125388
2016-10-20,155.95,156.65,151.95,152.5,152.35,2780284,4276.918066
2016-10-19,152,157.7,150.85,154.15,154.6,6685790,10411.70906
2016-10-18,150.95,152.7,150.75,151.4,151.9,2736835,4153.100211
2016-10-17,153,154.25,149.2,150.15,150.25,3180180,4826.619379
2016-10-14,149,154.2,147.4,153.3,153.2,3968866,6001.163076
2016-10-13,151.45,153,145.1,147.5,147.85,3116651,4631.63006
2016-10-10,151.9,153.95,151.1,152.15,151.65,2063455,3145.51133
2016-10-07,152.3,154.5,150.6,151.4,151.25,4097231,6233.396272
2016-10-06,153.95,155.45,148.6,151.25,150.9,6256632,9528.096237
2016-10-05,141.95,154.4,140.45,152.85,153.3,9741635,14554.90101
2016-10-04,142.5,143.25,138.75,142,141.8,2678079,3782.646884
2016-10-03,140.95,143.15,139.8,142.45,142.35,1927658,2741.004351
2016-09-30,136.95,140.9,136.2,139.55,139.6,1471713,2041.226483
2016-09-29,147.9,148,134.35,137.4,137,4753568,6621.123617
2016-09-28,148.1,149.15,145.6,146.85,146.75,6464628,9527.294194
2016-09-27,140.9,146.4,140.55,146.25,144.55,3316650,4746.092587
2016-09-26,143.45,144.25,140,140.45,140.65,2769361,3938.539898
2016-09-23,138.9,144,138.1,142.25,142.4,3538509,5004.069031
2016-09-22,139.15,139.95,137.7,138.55,138.9,1204798,1671.516307
2016-09-21,138,140.35,137.6,138,138.05,1635459,2272.108359
2016-09-20,139.7,140.35,137.5,137.65,138,1787917,2480.397823
2016-09-19,139.85,141.3,138.95,139.55,139.9,1362666,1906.017816
2016-09-16,138.35,141.7,137.85,139.7,139.85,3029995,4235.347145
2016-09-15,137.35,138.5,136.3,137,137,1451283,1991.875224
2016-09-14,135.2,138.2,135.1,137.5,137.45,1045853,1429.457279
2016-09-12,137.9,138.4,134.95,135.5,135.3,2248691,3060.593542
2016-09-09,142.2,142.7,138.8,139.5,139.7,1199464,1687.441463
2016-09-08,142.25,143.5,141.8,142.25,142.2,1155009,1647.003615
2016-09-07,141.75,144.2,141.3,142.5,142.2,2381717,3401.417903
2016-09-06,141.9,143.25,141.25,141.7,141.75,1300643,1852.516861
2016-09-02,141.4,142.6,141,141.8,141.6,1681308,2384.647348
2016-09-01,140.25,143.35,140,141.1,141.1,2493654,3534.560066
2016-08-31,140.1,141.6,140,140.1,140.25,1401308,1969.163372
2016-08-30,139.65,140.75,138.75,140.1,140.2,1832319,2561.910222
2016-08-29,140.55,141.15,137.8,139.05,139,1604324,2231.584926
2016-08-26,141,141.7,138.9,139.8,139.9,1468343,2058.334221
2016-08-25,143.4,145.5,140.1,140.6,140.45,4868511,6958.790304
2016-08-24,140.4,142.45,139.8,140.2,140.25,2956023,4163.702283
2016-08-23,138.7,141,138.4,139.9,139.6,1282978,1791.188958
2016-08-22,142,142.05,138,138.4,138.4,1398679,1947.983515
2016-08-19,139.85,141.85,138.75,141.05,141.25,2298138,3228.514632
2016-08-18,138.45,139.55,137.85,138.75,138.85,901208,1250.076809
2016-08-17,138.8,139.4,137.15,137.7,137.65,778141,1074.702528
2016-08-16,136.9,139.1,136.1,137.65,138.05,1518494,2088.299647
2016-08-12,137.8,139.45,136,136.75,136.95,1024054,1414.492739
2016-08-11,137.5,139.25,135.75,137.9,137.3,1140212,1568.724391
2016-08-10,144.25,144.5,137.25,137.45,137.75,3289526,4614.104816
2016-08-09,143.9,147,139.15,142.7,143.25,8549636,12302.1835
2016-08-08,138.55,143.5,138.4,142.7,142.9,2430227,3446.811889
2016-08-05,138.5,140.65,138.5,139.45,139.1,1427614,1988.018616
2016-08-04,136,139.4,135.5,138.15,138.3,1515003,2088.779838
2016-08-03,138.4,140.05,135.1,135.6,135.75,1451654,1996.694896
2016-08-02,141,141.8,138.1,138.4,138.4,1175233,1646.872468
2016-08-01,143,144.85,138.25,141,141,1987955,2823.733967
2016-07-29,140.9,144.7,139.2,142.5,142.15,3056272,4351.614283
2016-07-28,138,142.25,136.55,140.1,140.15,3754038,5255.562686
2016-07-27,131.45,138.75,131.45,137.65,137.45,3576969,4878.822043
2016-07-26,133.45,134.55,130.55,131.2,131.15,1271947,1687.674294
2016-07-25,131.75,134,131.2,133.25,133.45,1656721,2195.842246
2016-07-22,131.9,132.9,131.2,131.3,131.5,2012357,2649.892477
2016-07-21,134.8,134.8,131.15,131.55,131.8,1884426,2501.246291
2016-07-20,130.35,134.8,130.35,133.9,133.85,1887075,2518.993114
2016-07-19,131.5,131.5,128.8,130.95,130.05,3903542,5074.004456
2016-07-18,133,133.45,129.15,129.55,129.95,2283784,3004.79147
2016-07-15,134,134.5,132.25,132.6,132.6,1587827,2112.707964
2016-07-14,132.9,133.3,131.6,132.9,132.6,1093389,1448.927444
2016-07-13,132.9,133.8,131.1,132.2,132.15,1306338,1726.287242
2016-07-12,133.45,135.15,132.5,132.75,132.9,1612081,2157.914388
2016-07-11,134,135,132.7,133.1,133.1,1689644,2259.907116
2016-07-08,134.45,134.6,131.45,132.55,132.6,1296935,1718.880696
2016-07-07,133.5,136.4,133.45,134.4,134.45,2125346,2871.104582
2016-07-05,134.25,136.15,133.2,133.75,133.9,942568,1269.099193
2016-07-04,135.6,135.8,133.8,134.5,134.1,1144671,1539.680374
2016-07-01,132,136.75,131.5,134.25,134.9,5379977,7243.79007
2016-06-30,130.5,131.95,129.45,131.6,131.2,2810587,3671.524556
2016-06-29,128.15,130.9,128.1,129.55,129.7,2735697,3551.676119
2016-06-28,127.5,128.6,126.75,128.25,127.85,2563561,3275.458695
2016-06-27,124.75,126.4,124.3,125.95,125.95,2162032,2715.769552
2016-06-24,120.5,124.85,117.1,123.4,124.25,3585896,4327.247733
2016-06-23,127.5,128.15,125.6,126.4,126.75,1408701,1784.789319
2016-06-22,125.6,128.65,124.7,127,127.25,2792498,3546.811529
2016-06-21,126.3,126.8,125.1,125.15,125.45,447117,563.245977
2016-06-20,124.55,127.15,124.55,126,126.15,732869,923.883111
2016-06-17,126.5,128.35,124.7,125.4,125.7,1717907,2178.645781
2016-06-16,126.9,128.55,123.8,125.8,126.1,1489092,1881.446611
2016-06-15,127.25,128.15,126.6,126.75,127,1662070,2116.658468
2016-06-14,129.4,129.5,126,126.35,126.5,2902578,3705.09069
2016-06-13,122,129,122,127.9,128.15,4305954,5461.086297
2016-06-10,125.3,126,122.7,123.75,123.65,900666,1119.054652
2016-06-09,127.3,127.45,124.6,125.05,124.95,2825223,3554.622002
2016-06-08,119.3,126.5,118.9,126,124.4,2390316,2952.569964
2016-06-07,119.4,120.35,118.85,119.7,119.35,690551,826.504191
2016-06-06,120.35,121.2,118.6,119.35,119.3,866406,1034.823916
2016-06-03,120.95,122.1,119.7,120.35,120.2,1783456,2152.684843
2016-06-02,118.5,119.8,117.65,119.65,119.25,549738,651.643089
2016-06-01,118.2,119.45,117.85,117.9,118.05,581341,689.221987
2016-05-31,117.8,119.1,117.55,118.1,117.75,658231,777.4518245
2016-05-30,118,119.65,117.3,117.9,117.95,692008,819.707927
2016-05-27,118.1,119.4,116.85,117.05,117.3,676137,797.877055
2016-05-26,120,120.25,118.15,118.35,118.6,1383549,1646.865916
2016-05-25,120,121,119.15,119.5,119.5,1787665,2143.664531
2016-05-24,121.7,122.2,119.7,121.7,121.75,1438192,1732.797147
2016-05-23,120.5,124.1,119.7,120.5,120.4,1396870,1705.086678
2016-05-20,119.9,121.15,119.5,120.1,120.05,466672,561.052779
2016-05-19,120,122,118.95,119.8,119.95,1085102,1306.617397
2016-05-18,120,121.75,119.55,120.65,120.95,641976,776.1379105
2016-05-17,121,121.4,119.6,120.5,120.35,1068540,1287.079564
2016-05-16,119.55,121,118.45,120.75,120.65,688646,825.830369
2016-05-13,118,120.7,118,119.5,119.55,1103386,1319.176083
2016-05-12,117.75,119.2,117.25,119,118.95,596225,704.540833
2016-05-11,117,118.25,116.3,117.5,117.3,622661,731.7784365
2016-05-10,119,119.95,118,118.4,118.2,526190,625.287523
2016-05-09,118.9,120.4,117.45,118.6,118.75,1207381,1437.251573
2016-05-06,116.55,119.5,115.8,118.7,118.1,654231,772.2922495
2016-05-05,117,117.8,115.3,117,116.35,745000,868.4955015
2016-05-04,119.8,119.8,116.3,116.65,116.95,894057,1054.90325
2016-05-03,121.6,122.55,119.15,119.2,119.45,1356187,1638.362129
2016-05-02,119.35,121.8,119,121.7,121.1,717595,860.63966
2016-04-29,121,121.05,119,120.1,120.05,869948,1042.218357
2016-04-28,122.5,123.5,120,120.4,120.3,2142054,2587.181834
2016-04-27,122.5,123.95,121.95,122.4,122.4,1949554,2396.791756
2016-04-26,120.6,122.5,120.6,121.55,121.8,984070,1199.343291
2016-04-25,120.4,121.9,120,120.9,121.2,782130,943.5708085
2016-04-22,119,121.85,119,120.3,120.25,716365,863.983348
2016-04-21,122.4,122.75,119.55,120.1,120.1,892645,1079.742575
2016-04-20,120.2,123.2,119.55,121.8,121.85,1572869,1904.588035
2016-04-18,120.85,121,119.1,120.4,120,765331,918.680607
2016-04-13,119.05,121.35,118.95,120.5,120.65,928735,1116.517466
2016-04-12,119.5,120.1,118.05,118.6,118.35,788617,938.674005
2016-04-11,118,120.25,117.85,119.35,119.5,1050521,1254.560844
2016-04-08,118.5,119,117,117.6,117.7,648096,765.287511
2016-04-07,118.1,120.4,118.1,118.4,118.7,1147382,1370.585318
2016-04-06,119.6,120,115,118.35,118.85,1327276,1576.315771
2016-04-05,121,121.15,118,118.2,118.25,1663091,1986.041236
2016-04-04,122.85,123.45,120.75,120.85,121.2,831737,1013.246791
2016-04-01,122,124.2,120.2,122.15,122.55,1532533,1873.567796
2016-03-31,122,122.3,120.3,121.2,121.25,1627181,1972.212709
2016-03-30,119.9,125,119.5,121.45,121.4,1922207,2319.848607
2016-03-29,119.1,120.4,118.4,119,119.3,3588313,4282.061164
2016-03-28,120,121,118.5,119.05,119.4,1382616,1653.92143
2016-03-23,121.6,122.15,118.65,119.5,119.45,1230385,1478.756252
2016-03-22,121.05,123.3,120.45,121.5,121.4,1469400,1792.489906
2016-03-21,119.2,120.9,118.75,119.7,119.9,839802,1006.634252
2016-03-18,116.5,119.65,115.95,118.6,118.9,2062464,2442.848012
2016-03-17,116,116.95,115,116,115.8,1396728,1617.024889
2016-03-16,115.7,116.1,114.1,115.25,115.1,964165,1109.226373
2016-03-15,116,116.4,115,115.7,115.45,1082982,1250.135859
2016-03-14,116.05,117.35,113.9,115.5,115.65,1609295,1852.747722
2016-03-11,116.55,117.6,115.05,115.95,115.85,1170769,1358.318374
2016-03-10,117.8,118.1,115.4,116.9,116.45,1177827,1370.571185
2016-03-09,115.65,117.5,114.55,116.7,116.85,1555016,1812.310962
2016-03-08,114.3,116.4,113.1,115.6,115.65,1677380,1927.336257
2016-03-04,110,113.9,109.15,113.75,113.25,1377634,1536.635473
2016-03-03,110.5,111.25,107.95,109.85,109.5,1260507,1382.473493
2016-03-02,110,112.75,109.45,109.6,109.9,1220668,1351.062009
2016-03-01,104.2,109.5,104.2,109,108.9,1481271,1591.115992
2016-02-29,105,107.1,101.6,103.8,103.55,1639500,1719.384962
2016-02-26,107.95,108.5,103.8,104.8,104.75,2381968,2512.029116
2016-02-25,107.8,108.05,102.5,107.2,106.2,9364686,9939.523287
2016-02-24,106.2,108.3,105,106.8,106.7,758132,809.554522
2016-02-23,109,109.5,105.1,106.5,106.65,1037357,1111.604932
2016-02-22,107.3,109.85,107,109,109.1,1151733,1253.337556
2016-02-19,105,108.2,104.25,107.25,107.3,1340622,1431.573431
2016-02-18,105.4,106.5,102.5,105,104.55,1429030,1493.936472
2016-02-17,103,104.6,101.1,104.35,104,1268061,1304.052388
2016-02-16,107.7,108.9,102.2,102.6,102.65,1341261,1412.03156
2016-02-15,105.1,108.45,105.1,105.9,106,1091675,1163.616617
2016-02-12,103.25,106.4,100,104.45,104.3,2087141,2152.858721
2016-02-11,112.7,115.8,102.4,107,105.25,5524328,6005.933832
2016-02-10,120.5,121,116.45,118.65,118.35,1654991,1954.040955
2016-02-09,123,124.4,120.1,121.25,120.75,1109232,1349.000293
2016-02-08,123.05,126.1,122.5,123.85,123.9,1227619,1528.90693
2016-02-05,121.9,123.95,121.45,123.5,122.5,797137,976.5512715
2016-02-04,123.1,123.4,120.4,122.5,121.6,1120485,1366.684949
2016-02-03,123.05,124.8,121,121.65,121.75,877186,1080.516357
2016-02-02,127.4,127.7,123.55,124.1,124.25,734748,923.0434075
2016-02-01,126.8,128.3,125.2,126.6,126.6,592819,752.6079275
2016-01-29,124.1,127.45,123.35,126.75,126.5,925581,1162.350027
2016-01-28,124.95,125.4,122.6,123.2,123.15,1539708,1901.943131
2016-01-27,124.95,125.95,123.3,124.45,124.45,655053,815.650045
2016-01-25,125.85,127,123.4,124.15,124.3,682689,855.9062995
2016-01-22,123.85,126.9,121.95,125.3,125.55,1084192,1349.049593
2016-01-21,123.05,124.55,119.5,121.55,121.75,1322358,1613.852985
2016-01-20,124.6,124.6,120.5,122.8,122.55,1278069,1560.905617
2016-01-19,122.95,127,121.55,126.45,126.4,1411260,1766.276659
2016-01-18,128,129,121.05,122,121.85,2065711,2571.551037
2016-01-15,135,135.4,127.5,127.65,128.5,1756768,2297.605712
2016-01-14,132.1,136.25,131.15,133.9,134.05,1431102,1916.528629
2016-01-13,141.75,141.95,130.3,135.4,135.6,1907971,2586.275329
2016-01-12,142.4,143.45,138.05,139.9,139.5,1353097,1896.919854
2016-01-11,143.2,144,140.95,141.6,141.9,1201860,1714.299865
2016-01-08,140.65,146.75,140.1,144.1,144.45,1284440,1841.836642
2016-01-07,144.1,144.7,139,139.5,140.05,1034747,1461.837445
2016-01-06,147.1,149.8,144.5,145.2,145.25,834054,1225.465383
2016-01-05,144,149.5,142.2,148.65,148.35,1502760,2195.837451
2016-01-04,145.9,147.2,142.25,143,143.7,950484,1367.840772
2016-01-01,146.05,148.8,145.5,146.4,146.4,781067,1148.710241